73240.000,0.766,-1.869,-0.271
73241.000,0.892,-2.039,-0.207
73242.000,0.650,-2.069,0.184
73243.000,0.632,-2.099,-0.366
73244.000,0.479,-1.919,-0.133
73245.000,0.326,-1.650,-0.536
73246.000,0.273,-1.172,-0.610
73247.000,0.237,-0.733,-0.758
73248.000,0.308,-0.354,-1.256
73249.000,0.353,-0.155,-1.626
73250.000,0.344,-0.075,-1.711
73251.000,0.425,0.055,-1.700
73252.000,0.452,0.065,-1.774
73253.000,0.524,0.045,-1.859
73254.000,0.506,-0.035,-1.753
73255.000,0.542,0.065,-1.922
73256.000,0.605,0.463,-1.975
73257.000,0.515,0.912,-2.240
73258.000,0.587,1.241,-2.314
73259.000,0.964,2.148,-2.166
73260.000,1.117,2.108,-1.965
73261.000,0.802,1.719,-1.721
73262.000,0.255,1.151,-1.626
73263.000,0.048,0.842,-0.684
73264.000,0.228,0.463,0.449
73265.000,0.371,0.304,0.248
73266.000,0.273,0.005,-0.038
73267.000,0.398,-0.344,-0.334
73268.000,0.201,-0.813,-0.546
73269.000,0.183,-0.853,-0.292
73270.000,0.425,-0.045,-1.044
73271.000,0.452,-0.015,-1.044
73272.000,0.479,-0.005,-1.023
73273.000,0.479,-0.005,-1.054
73274.000,0.470,-0.025,-1.065
73275.000,0.308,0.264,-1.054
73276.000,0.174,0.683,-1.213
73277.000,-0.060,0.902,-1.224
73278.000,-0.114,0.822,-1.478
73279.000,-0.114,0.852,-1.626
73280.000,-0.141,0.982,-1.446
73281.000,-0.203,1.281,-1.901
73282.000,-0.069,1.879,-2.102
73283.000,-0.015,1.998,-2.092
73284.000,0.344,2.258,-1.827
73285.000,0.820,2.058,-1.001
73286.000,1.278,1.460,-1.097
73287.000,1.637,0.663,-0.906
73288.000,1.808,0.085,-1.033
73289.000,2.086,-0.215,-1.065
73290.000,1.808,-0.424,-1.330
73291.000,1.278,-0.593,-1.552
73292.000,0.955,-0.763,-0.726
73293.000,0.748,-1.321,-0.038
73294.000,0.425,-1.680,-0.027
73295.000,0.290,-1.859,0.131
73296.000,0.407,-1.919,0.089
73297.000,0.748,-1.889,-0.250
73298.000,0.677,-1.760,-0.684
73299.000,0.775,-1.600,-0.694
73300.000,1.009,-1.491,-1.023
73301.000,0.793,-1.191,-1.319
73302.000,0.506,-0.833,-1.319
73303.000,0.389,-0.374,-1.446
73304.000,0.461,-0.344,-1.520
73305.000,0.677,-0.165,-1.891
73306.000,0.838,-0.314,-1.817
73307.000,0.802,-0.334,-2.007
73308.000,0.677,-0.444,-1.975
73309.000,0.551,-0.583,-1.954
73310.000,0.569,-0.524,-1.785
73311.000,0.443,-0.434,-1.594
73312.000,0.533,-0.434,-1.467
73313.000,0.542,-0.314,-1.584
73314.000,0.614,-0.244,-1.764
73315.000,0.847,-0.045,-1.912
73316.000,0.838,0.553,-2.060
73317.000,1.036,1.351,-2.494
73318.000,1.135,1.859,-2.526
73319.000,0.847,1.998,-2.907
73320.000,0.668,1.640,-2.431
73321.000,0.820,0.952,-1.912
73322.000,0.461,0.423,-1.012
73323.000,0.371,-0.165,-0.483
73324.000,0.326,-0.434,0.110
73325.000,0.820,0.055,-0.123
73326.000,0.748,0.055,-0.366
73327.000,0.560,-0.005,-0.578
73328.000,0.461,-0.244,-0.652
73329.000,0.425,-0.534,-0.620
73330.000,0.362,-0.763,-0.483
73331.000,0.335,-0.922,-0.282
73332.000,0.335,-1.082,-0.176
73333.000,0.228,-1.311,-0.112
73334.000,0.237,-1.381,-0.080
73335.000,0.317,-1.301,-0.091
73336.000,0.551,-1.062,-0.282
73337.000,0.632,-0.922,-0.493
73338.000,0.614,-0.673,-0.949
73339.000,0.524,-0.434,-1.266
73340.000,0.389,-0.195,-1.446
73341.000,0.192,-0.035,-1.467
73342.000,0.066,-0.005,-1.510
73343.000,-0.033,0.085,-1.414
73344.000,-0.015,-0.025,-1.234
73345.000,0.066,-0.195,-1.181
73346.000,0.129,-0.254,-1.171
73347.000,0.219,-0.384,-1.181
73348.000,0.228,-0.434,-1.245
73349.000,0.308,-0.254,-1.171
73350.000,0.308,-0.185,-1.308
73351.000,0.264,-0.025,-1.383
73352.000,0.210,0.294,-1.584
73353.000,0.183,0.404,-1.817
73354.000,0.201,0.503,-1.912
73355.000,0.093,0.802,-2.039
73356.000,0.273,1.111,-2.102
73357.000,-0.194,0.762,-1.997
73358.000,0.039,0.892,-1.330
73359.000,0.282,0.842,-0.387
73360.000,0.461,0.394,-0.313
73361.000,1.036,-0.354,0.184
73362.000,1.296,0.154,-0.070
73363.000,1.503,-0.484,-0.080
73364.000,1.332,-0.454,-0.800
73365.000,1.251,-0.244,-1.171
73366.000,0.955,-0.075,-0.980
73367.000,0.739,0.075,-0.970
73368.000,0.677,0.224,-0.874
73369.000,0.722,0.104,-0.874
73370.000,0.901,-0.075,-0.790
73371.000,0.883,-0.234,-0.896
73372.000,0.838,-0.424,-1.044
73373.000,0.560,-0.354,-1.245
73374.000,0.551,-0.334,-1.192
73375.000,0.470,-0.434,-1.139
73376.000,0.542,-0.563,-1.001
73377.000,0.686,-0.683,-1.054
73378.000,0.668,-0.593,-1.054
73379.000,0.713,-0.593,-1.097
73380.000,0.659,-0.743,-1.213
73381.000,0.641,-0.653,-1.266
73382.000,0.551,-0.474,-1.181
73383.000,0.560,-0.185,-1.361
73384.000,0.614,-0.005,-1.541
73385.000,0.542,0.184,-1.912
73386.000,0.542,0.483,-1.986
73387.000,0.371,0.852,-2.092
73388.000,0.443,1.081,-2.155
73389.000,0.533,0.982,-2.208
73390.000,0.766,1.540,-1.774
73391.000,1.476,1.570,-1.605
73392.000,1.072,1.261,-1.944
73393.000,0.901,0.812,-1.330
73394.000,0.452,0.573,-0.313
73395.000,0.506,0.404,0.438
73396.000,0.578,0.553,0.724
73397.000,0.551,0.722,0.449
73398.000,0.551,0.384,-0.313
73399.000,0.344,0.284,-0.938
73400.000,0.380,-0.035,-0.800
73401.000,0.416,-0.434,-0.705
73402.000,0.605,-0.633,-0.313
73403.000,0.731,-1.052,-0.250
73404.000,0.892,-1.221,-0.451
73405.000,0.775,-1.331,-0.186
73406.000,0.739,-1.391,-0.260
73407.000,0.847,-1.351,-0.493
73408.000,0.668,-1.361,-0.567
73409.000,0.641,-1.132,-0.483
73410.000,0.497,-0.773,-0.324
73411.000,0.380,-0.135,-0.292
73412.000,0.156,0.134,-0.747
73413.000,0.138,0.563,-1.372
73414.000,0.147,1.022,-1.594
73415.000,-0.033,1.331,-1.478
73416.000,-0.194,1.600,-1.510
73417.000,-0.374,1.879,-1.478
73418.000,-0.239,1.969,-1.594
73419.000,0.299,1.939,-1.668
73420.000,-0.087,2.018,-1.076
73421.000,0.731,1.829,-0.779
73422.000,1.431,0.962,-1.319
73423.000,1.808,0.364,-0.292
73424.000,1.682,0.473,0.237
73425.000,1.566,0.274,-0.006
73426.000,1.144,0.065,-0.451
73427.000,1.027,0.025,-0.229
73428.000,1.332,-0.145,-0.324
73429.000,1.072,-0.633,-0.684
73430.000,0.704,-0.892,-0.779
73431.000,0.623,-0.982,-0.599
73432.000,0.452,-1.152,-0.356
73433.000,0.542,-1.411,-0.123
73434.000,0.722,-1.610,0.184
73435.000,0.775,-1.710,-0.282
73436.000,0.802,-1.680,-0.345
73437.000,0.748,-1.471,-0.483
73438.000,0.722,-1.182,-0.694
73439.000,0.739,-0.793,-1.150
73440.000,0.614,0.473,-1.594
73441.000,0.551,0.453,-1.626
73442.000,0.668,0.503,-1.658
73443.000,0.587,0.653,-1.859
73444.000,0.560,0.922,-1.848
73445.000,0.407,1.012,-1.933
73446.000,0.434,1.022,-2.134
73447.000,0.335,0.772,-2.050
73448.000,0.659,0.732,-1.563
73449.000,0.892,1.610,-1.351
73450.000,1.673,1.490,-1.054
73451.000,0.515,1.211,-1.743
73452.000,0.021,0.693,-1.383
73453.000,0.201,0.762,0.174
73454.000,0.425,0.792,0.248
73455.000,0.515,0.473,0.237
73456.000,0.542,-0.175,-0.345
73457.000,0.641,-0.643,-0.843
73458.000,0.542,-0.743,-0.885
73459.000,0.425,-0.853,-0.483
73460.000,0.452,-0.912,-0.525
73461.000,0.362,-1.251,-0.599
73462.000,0.210,-1.540,-0.218
73463.000,0.398,-1.909,0.174
73464.000,0.578,-1.381,0.237
73465.000,0.389,-1.520,-0.027
73466.000,0.515,-1.012,-0.260
73467.000,0.407,-0.833,-0.451
73468.000,0.524,-0.573,-0.620
73469.000,0.299,-0.583,-1.001
73470.000,0.228,-0.105,-0.779
73471.000,0.210,-0.225,-1.150
73472.000,0.246,-0.135,-1.351
73473.000,0.228,-0.055,-1.351
73474.000,0.138,-0.005,-1.287
73475.000,0.201,0.144,-1.234
73476.000,0.102,0.284,-1.372
73477.000,0.246,0.433,-1.626
73478.000,0.255,0.573,-1.859
73479.000,0.192,0.742,-2.007
73480.000,0.344,1.420,-2.060
73481.000,0.371,1.450,-2.081
73482.000,0.335,1.341,-2.018
73483.000,0.659,1.231,-0.874
73484.000,0.748,0.832,-0.599
73485.000,0.748,-0.175,-0.260
73486.000,0.766,-0.633,0.332
73487.000,1.126,-0.773,0.544
73488.000,1.530,-0.623,0.131
73489.000,1.206,-0.234,-0.694
73490.000,0.713,-0.065,-1.139
73491.000,0.183,0.005,-1.245
73492.000,0.057,0.164,-1.001
73493.000,0.344,0.035,-0.800
73494.000,0.569,-0.175,-0.758
73495.000,0.452,-0.374,-0.631
73496.000,0.497,-0.334,-0.991
73497.000,0.407,-0.534,-1.107
73498.000,0.371,-0.524,-1.001
73499.000,0.434,-0.623,-1.001
73500.000,0.623,-0.603,-1.033
73501.000,0.686,-0.693,-1.340
73502.000,0.757,-0.514,-1.245
73503.000,0.722,-0.544,-1.128
73504.000,0.632,-0.464,-1.097
73505.000,0.551,-0.165,-1.118
73506.000,0.650,0.114,-1.224
73507.000,0.713,0.104,-1.552
73508.000,0.560,0.224,-1.764
73509.000,0.614,0.593,-1.817
73510.000,0.542,0.992,-1.944
73511.000,0.425,0.922,-2.166
73512.000,0.551,1.121,-1.933
73513.000,1.251,2.018,-1.806
73514.000,1.233,1.739,-1.637
73515.000,1.045,1.111,-1.743
73516.000,0.425,0.603,-0.631
73517.000,0.344,0.463,0.375
73518.000,0.757,0.384,0.523
73519.000,0.722,0.404,0.385
73520.000,0.695,0.364,0.142
73521.000,0.677,-0.025,-0.419
73522.000,0.497,-0.354,-0.885
73523.000,0.308,-0.872,-0.917
73524.000,0.228,-0.982,-0.207
73525.000,0.524,-1.451,-0.218
73526.000,0.371,-1.401,-0.345
73527.000,0.443,-1.570,-0.165
73528.000,0.380,-1.361,0.290
73529.000,0.569,-1.251,0.004
73530.000,0.551,-0.872,-0.239
73531.000,0.542,-0.524,-0.705
73532.000,0.641,0.104,-0.821
73533.000,0.344,0.244,-0.716
73534.000,0.165,1.241,-1.107
73535.000,0.362,1.341,-1.700
73536.000,0.228,1.899,-1.870
73537.000,0.273,1.998,-1.933
73538.000,0.030,2.008,-1.615
73539.000,0.093,2.018,-1.436
73540.000,0.407,1.660,-1.510
73541.000,1.027,1.759,-1.224
73542.000,1.691,1.341,-0.483
73543.000,1.341,0.732,0.565
73544.000,1.476,0.144,-1.023
73545.000,2.069,0.114,-1.171
73546.000,2.266,0.075,0.110
73547.000,1.799,-0.514,-0.419
73548.000,1.054,-1.002,-0.694
73549.000,1.009,-1.072,-0.356
73550.000,0.964,-1.201,-0.398
73551.000,1.099,-1.301,-0.303
73552.000,0.928,-1.421,-0.345
73553.000,0.668,-1.461,-0.356
73554.000,0.623,-1.510,-0.239
73555.000,0.506,-1.491,-0.112
73556.000,0.515,-1.919,0.174
73557.000,0.299,-1.281,-0.250
73558.000,0.371,-1.032,-0.716
73559.000,0.380,-0.563,-1.330
73560.000,0.407,0.025,-1.764
73561.000,0.452,0.384,-1.721
73562.000,0.479,0.693,-1.785
73563.000,0.748,1.051,-1.711
73564.000,0.973,1.081,-2.166
73565.000,0.829,1.500,-2.462
73566.000,0.766,1.341,-2.431
73567.000,0.623,1.420,-2.102
73568.000,0.578,1.899,-1.107
73569.000,1.269,1.440,-0.049
73570.000,1.611,0.643,-0.578
73571.000,0.766,0.374,-1.446
73572.000,0.237,0.593,-0.112
73573.000,0.174,0.673,1.052
73574.000,0.093,0.244,0.618
73575.000,0.210,-0.215,0.025
73576.000,0.461,-0.663,-0.451
73577.000,0.551,-1.082,-0.642
73578.000,0.605,-1.301,-0.409
73579.000,0.650,-1.650,0.004
73580.000,0.542,-1.361,-0.218
73581.000,0.452,-1.720,0.216
73582.000,0.470,-1.431,0.057
73583.000,0.461,-1.152,-0.017
73584.000,0.282,-0.643,-0.165
73585.000,0.282,-0.344,-0.282
73586.000,0.317,0.164,-0.620
73587.000,0.237,0.374,-0.949
73588.000,0.282,1.061,-1.393
73589.000,0.174,1.719,-1.795
73590.000,0.237,1.640,-1.986
73591.000,0.183,1.759,-1.954
73592.000,0.039,1.709,-1.668
73593.000,0.317,1.580,-1.658
73594.000,0.497,1.719,-1.446
73595.000,0.766,1.789,-0.716
73596.000,0.641,1.600,-1.393
73597.000,1.206,0.792,-1.044
73598.000,1.808,0.304,-0.250
73599.000,1.916,-0.035,-0.356
73600.000,1.691,-0.294,-0.769
73601.000,1.296,-0.613,-0.949
73602.000,1.242,-0.763,-0.853
73603.000,0.964,-0.932,-0.642
73604.000,0.713,-1.092,-0.800
73605.000,0.506,-1.530,-0.504
73606.000,0.443,-1.630,-0.303
73607.000,0.425,-1.740,-0.091
73608.000,0.174,-2.288,0.004
73609.000,0.569,-1.879,-0.260
73610.000,0.973,1.580,-2.420
73611.000,0.973,1.570,-2.388
73612.000,0.973,1.580,-2.335
73613.000,0.973,1.570,-2.314
73614.000,0.982,1.550,-2.282
73615.000,0.982,1.560,-2.261
73616.000,1.000,1.570,-2.261
73617.000,1.063,1.630,-2.124
73618.000,1.404,2.088,-1.753
73619.000,1.718,1.739,-1.753
73620.000,1.054,0.942,-1.785
73621.000,0.219,0.523,-0.843
73622.000,0.308,-0.015,0.110
73623.000,0.551,-0.045,0.682
73624.000,0.407,-0.185,0.438
73625.000,0.282,-0.374,0.163
73626.000,0.488,-0.613,-0.313
73627.000,0.434,-0.922,-0.483
73628.000,0.416,-1.191,-0.409
73629.000,0.479,-1.331,-0.176
73630.000,0.632,-1.580,-0.271
73631.000,0.775,-1.680,-0.229
73632.000,0.596,-1.291,-0.017
73633.000,0.587,-1.052,-0.334
73634.000,0.641,-0.514,-0.493
73635.000,0.587,-0.105,-1.023
73636.000,0.775,0.254,-0.980
73637.000,0.686,0.553,-1.541
73638.000,0.425,0.683,-1.425
73639.000,0.273,1.071,-1.563
73640.000,0.470,1.151,-1.510
73641.000,0.659,1.670,-1.203
73642.000,0.569,2.028,-1.351
73643.000,0.973,1.959,-1.795
73644.000,1.575,2.028,-1.743
73645.000,1.386,1.989,-0.832
73646.000,1.215,1.161,-1.404
73647.000,1.853,0.473,-1.467
73648.000,2.275,0.553,-0.620
73649.000,2.248,0.284,-0.409
73650.000,1.790,-0.254,-0.864
73651.000,1.377,-0.892,-1.298
73652.000,1.153,-1.211,-0.800
73653.000,0.838,-1.401,-0.419
73654.000,0.497,-1.590,-0.155
73655.000,0.299,-1.740,-0.091
73656.000,0.380,-2.069,-0.017
73657.000,0.614,-2.248,0.131
73658.000,0.560,-2.158,-0.345
73659.000,0.596,-2.278,-0.334
73660.000,0.641,-1.580,-0.186
73661.000,0.452,-1.211,-0.525
73662.000,0.210,-0.693,-0.917
73663.000,0.398,-0.195,-1.605
73664.000,0.775,0.005,-2.018
73665.000,1.000,0.234,-2.113
73666.000,0.695,0.852,-2.177
73667.000,0.425,1.101,-1.870
73668.000,0.299,0.872,-2.092
73669.000,0.802,0.902,-2.081
73670.000,0.820,0.982,-2.187
73671.000,0.775,0.812,-2.124
73672.000,0.335,1.161,-1.838
73673.000,1.063,1.231,-0.970
73674.000,1.036,0.852,-0.133
73675.000,1.224,-0.035,-0.377
73676.000,0.686,-0.045,-0.790
73677.000,0.290,0.673,0.089
73678.000,0.650,1.041,0.534
73679.000,0.605,0.842,0.311
73680.000,0.371,0.483,0.227
73681.000,0.228,0.304,0.047
73682.000,0.362,0.035,-0.324
73683.000,0.255,-0.424,-0.546
73684.000,0.165,-0.613,-0.049
73685.000,0.380,-0.882,0.470
73686.000,0.587,-1.002,0.512
73687.000,0.461,-1.032,0.089
73688.000,0.488,-0.882,-0.070
73689.000,0.632,-0.723,-0.218
73690.000,0.659,-0.464,-0.483
73691.000,0.569,-0.294,-0.620
73692.000,0.551,-0.095,-0.821
73693.000,0.497,-0.175,-0.684
73694.000,0.335,0.244,-0.821
73695.000,0.515,0.703,-0.970
73696.000,0.308,1.221,-0.705
73697.000,0.228,1.530,-0.970
73698.000,0.317,1.679,-1.721
73699.000,0.623,1.839,-1.732
73700.000,0.793,2.058,-1.626
73701.000,1.108,1.679,-0.631
73702.000,0.596,2.238,0.925
73703.000,1.745,1.032,-0.366
73704.000,1.880,0.653,-1.361
73705.000,1.970,0.752,-0.133
73706.000,1.754,0.413,0.375
73707.000,1.251,-0.005,-0.038
73708.000,0.910,-0.205,-0.229
73709.000,1.036,-0.314,-0.229
73710.000,1.144,-0.633,-0.387
73711.000,0.883,-0.952,-0.589
73712.000,0.704,-1.132,-0.642
73713.000,0.668,-1.271,-0.430
73714.000,0.677,-1.560,-0.197
73715.000,0.596,-1.760,0.237
73716.000,0.748,-1.839,0.036
73717.000,0.829,-1.630,-0.207
73718.000,0.704,-1.271,-0.599
73719.000,0.542,-0.773,-0.821
73720.000,0.578,-0.643,-0.938
73721.000,0.605,-0.524,-1.245
73722.000,0.515,-0.264,-1.192
73723.000,0.533,-0.155,-1.139
73724.000,0.524,-0.035,-1.150
73725.000,0.659,0.075,-1.160
73726.000,0.632,-0.175,-1.721
73727.000,0.479,-0.105,-2.399
73728.000,0.380,0.443,-2.134
73729.000,0.129,0.982,-1.679
73730.000,0.066,1.022,-1.817
73731.000,0.452,1.171,-1.467
73732.000,1.180,1.111,-1.234
73733.000,1.772,1.460,-1.139
73734.000,0.856,1.410,-2.092
73735.000,0.686,1.261,-0.938
73736.000,1.027,1.181,0.047
73737.000,1.575,0.782,0.417
73738.000,1.413,0.842,1.042
73739.000,1.278,0.683,0.777
73740.000,0.955,0.433,0.152
73741.000,0.623,0.433,-0.578
73742.000,0.542,0.433,0.131
73743.000,0.766,0.364,0.767
73744.000,0.641,-0.075,0.523
73745.000,0.659,-0.304,0.332
73746.000,0.731,-0.464,0.121
73747.000,0.704,-0.653,-0.112
73748.000,0.560,-0.863,-0.366
73749.000,0.362,-0.813,-0.123
73750.000,0.344,-0.763,0.057
73751.000,0.407,-0.693,0.004
73752.000,0.389,-0.434,-0.197
73753.000,0.273,-0.354,-0.292
73754.000,0.246,-0.284,-0.155
73755.000,0.174,-0.215,-0.409
73756.000,0.138,-0.175,-0.578
73757.000,0.174,-0.135,-0.684
73758.000,0.057,-0.175,-0.726
73759.000,-0.024,-0.195,-0.747
73760.000,-0.096,-0.165,-0.631
73761.000,-0.096,-0.195,-0.589
73762.000,0.021,-0.234,-0.663
73763.000,0.111,-0.264,-0.843
73764.000,0.003,-0.254,-0.949
73765.000,0.003,-0.215,-0.853
73766.000,-0.042,-0.135,-0.853
73767.000,-0.042,0.055,-0.927
73768.000,0.012,0.284,-1.118
73769.000,0.129,0.364,-1.192
73770.000,0.138,0.772,-1.266
73771.000,0.165,1.221,-1.541
73772.000,0.452,1.271,-2.124
73773.000,0.308,1.071,-2.272
73774.000,0.174,1.061,-1.584
73775.000,0.695,1.071,-0.493
73776.000,0.802,0.384,-0.419
73777.000,0.748,-0.344,-0.313
73778.000,0.946,0.005,-0.282
73779.000,1.952,-1.032,-0.038
73780.000,0.883,-0.095,-0.843
73781.000,0.865,-0.085,-0.885
73782.000,0.847,-0.105,-0.917
73783.000,0.838,-0.125,-0.938
73784.000,0.820,-0.205,-0.938
73785.000,0.695,-0.165,-0.843
73786.000,0.533,-0.344,-0.991
73787.000,0.524,-0.394,-1.033
73788.000,0.596,-0.384,-0.949
73789.000,0.659,-0.484,-0.980
73790.000,0.731,-0.454,-0.970
73791.000,0.838,-0.673,-1.065
73792.000,0.784,-0.743,-1.054
73793.000,0.865,-0.693,-0.991
73794.000,0.919,-0.673,-1.086
73795.000,0.820,-0.683,-1.139
73796.000,0.811,-0.593,-1.298
73797.000,0.677,-0.544,-1.308
73798.000,0.614,-0.344,-1.224
73799.000,0.605,-0.274,-1.277
73800.000,0.641,-0.205,-1.351
73801.000,0.497,-0.135,-1.605
73802.000,0.075,0.085,-1.838
73803.000,-0.365,0.114,-2.028
73804.000,-0.643,0.224,-2.050
73805.000,-0.778,0.473,-1.361
73806.000,0.102,1.301,-1.488
73807.000,0.344,1.460,-1.615
73808.000,0.551,1.121,-1.245
73809.000,0.210,0.314,-0.419
73810.000,0.416,-0.314,0.375
73811.000,0.515,-0.534,0.788
73812.000,0.865,-0.185,0.819
73813.000,1.215,-0.105,0.089
73814.000,1.718,0.224,-0.451
73815.000,1.188,0.384,-0.832
73816.000,0.713,-0.095,-1.446
73817.000,0.407,-0.005,-0.821
73818.000,0.371,-0.065,-0.589
73819.000,0.282,-0.015,-0.504
73820.000,0.308,0.015,-0.419
73821.000,0.246,0.065,-0.684
73822.000,0.237,0.025,-0.504
73823.000,0.389,0.055,-0.716
73824.000,0.452,-0.364,-0.737
73825.000,0.120,-0.175,-0.896
73826.000,0.192,-0.254,-0.673
73827.000,0.219,-0.115,-0.017
73828.000,0.138,-0.105,-0.239
73829.000,0.120,-0.195,-0.610
73830.000,0.012,-0.105,-0.716
73831.000,0.039,0.244,-0.705
73832.000,0.093,0.643,-0.811
73833.000,0.246,0.722,-1.001
73834.000,0.326,0.892,-1.319
73835.000,0.255,0.952,-1.552
73836.000,0.102,1.061,-1.901
73837.000,0.048,1.301,-1.700
73838.000,0.120,1.620,-1.023
73839.000,0.030,1.929,-0.832
73840.000,0.156,2.327,-0.832
73841.000,0.497,1.998,-1.287
73842.000,1.036,1.291,-1.499
73843.000,0.865,0.134,-0.906
73844.000,0.964,0.613,0.629
73845.000,1.709,0.473,2.026
73846.000,1.862,0.643,0.661
73847.000,1.530,0.354,-0.229
73848.000,1.395,0.124,-0.493
73849.000,1.153,-0.045,-0.557
73850.000,0.928,-0.284,-0.313
73851.000,1.009,-0.474,-0.165
73852.000,0.964,-0.713,-0.080
73853.000,1.045,-0.853,-0.080
73854.000,1.018,-1.032,0.025
73855.000,1.027,-1.102,-0.049
73856.000,1.108,-1.112,-0.017
73857.000,0.865,-1.042,-0.398
73858.000,0.820,-0.972,-0.567
73859.000,0.856,-0.813,-0.705
73860.000,1.036,-0.643,-0.747
73861.000,0.874,-0.524,-0.991
73862.000,0.811,-0.474,-1.150
73863.000,0.677,-0.524,-1.097
73864.000,0.704,-0.334,-1.054
73865.000,0.713,-0.155,-0.938
73866.000,0.686,0.154,-0.885
73867.000,0.793,0.384,-1.139
73868.000,0.713,0.513,-1.277
73869.000,0.955,0.483,-1.372
73870.000,1.000,0.503,-1.626
73871.000,0.937,0.673,-1.912
73872.000,1.287,1.002,-1.436
73873.000,1.772,1.360,-0.398
73874.000,2.078,1.430,-0.504
73875.000,1.197,0.902,-1.700
73876.000,0.228,1.490,-1.478
73877.000,0.695,1.311,-0.038
73878.000,1.135,1.012,0.629
73879.000,1.260,0.862,0.745
73880.000,0.910,0.423,0.237
73881.000,0.982,-0.025,-0.546
73882.000,0.991,-0.474,-0.980
73883.000,0.802,-0.474,-0.377
73884.000,0.766,-0.952,-0.102
73885.000,0.766,-1.231,0.174
73886.000,0.748,-1.600,0.396
73887.000,0.704,-1.730,0.248
73888.000,0.569,-1.451,-0.017
73889.000,0.506,-1.421,0.174
73890.000,0.497,-0.942,-0.345
73891.000,0.299,-0.484,-0.567
73892.000,0.308,0.075,-0.419
73893.000,0.488,0.324,-0.483
73894.000,0.614,0.433,-0.694
73895.000,0.668,0.573,-0.758
73896.000,0.560,0.643,-0.874
73897.000,0.335,0.493,-0.927
73898.000,0.201,0.204,-1.160
73899.000,0.317,0.144,-1.181
73900.000,0.389,0.284,-0.896
73901.000,0.066,0.503,-0.758
73902.000,0.120,0.762,-0.949
73903.000,0.299,1.679,-1.097
73904.000,0.838,2.437,-0.843
73905.000,1.117,2.407,-1.076
73906.000,1.090,2.337,-0.864
73907.000,1.718,2.118,-1.118
73908.000,1.620,1.759,-1.520
73909.000,1.790,0.982,-1.160
73910.000,1.700,0.443,-0.313
73911.000,1.700,0.404,0.449
73912.000,1.620,-0.254,0.205
73913.000,1.296,-0.803,-0.578
73914.000,1.359,-1.271,-0.673
73915.000,0.919,-1.391,-0.578
73916.000,0.856,-1.281,-0.334
73917.000,0.641,-1.351,-0.176
73918.000,0.659,-1.530,-0.091
73919.000,0.560,-1.501,-0.123
73920.000,0.650,-1.491,-0.038
73921.000,0.587,-1.172,-0.070
73922.000,0.632,-1.082,-0.684
73923.000,0.623,-0.813,-0.843
73924.000,0.623,-0.613,-1.171
73925.000,0.506,-0.314,-1.340
73926.000,0.497,-0.175,-1.393
73927.000,0.461,-0.045,-1.383
73928.000,0.596,0.114,-1.425
73929.000,0.560,0.025,-1.584
73930.000,0.731,0.154,-1.679
73931.000,0.775,0.274,-1.859
73932.000,0.793,0.453,-1.954
73933.000,0.910,0.613,-1.827
73934.000,1.108,0.722,-1.573
73935.000,1.395,1.261,-1.467
73936.000,1.997,2.228,-1.478
73937.000,1.153,2.298,-1.383
73938.000,-0.185,2.666,-1.690
73939.000,-0.105,1.490,-1.404
73940.000,0.174,0.782,0.100
73941.000,0.317,0.443,0.692
73942.000,0.380,0.085,0.375
73943.000,0.425,-0.155,0.195
73944.000,0.389,-0.544,-0.102
73945.000,0.308,-0.872,-0.144
73946.000,0.237,-1.002,0.100
73947.000,0.335,-1.471,0.301
73948.000,0.335,-1.491,0.184
73949.000,0.362,-1.510,0.216
73950.000,0.255,-0.613,-0.091
73951.000,0.237,-0.623,-0.070
73952.000,0.165,-0.693,-0.059
73953.000,0.219,-0.334,-0.218
73954.000,0.084,0.045,-0.430
73955.000,0.057,0.154,-0.705
73956.000,-0.078,0.164,-0.716
73957.000,-0.042,0.583,-0.959
73958.000,-0.078,0.703,-0.843
73959.000,-0.015,0.862,-0.769
73960.000,0.299,0.762,-1.001
73961.000,0.353,0.962,-1.181
73962.000,0.335,1.251,-1.414
73963.000,0.317,1.719,-1.721
73964.000,0.506,1.939,-2.028
73965.000,0.533,2.088,-1.753
73966.000,0.398,2.278,-1.594
73967.000,0.129,2.308,-0.631
73968.000,0.820,2.098,0.258
73969.000,1.206,0.593,-0.991
73970.000,1.305,0.254,-0.705
73971.000,1.718,0.005,0.216
73972.000,1.215,-0.205,-0.070
73973.000,1.036,-0.534,-0.070
73974.000,1.009,-1.052,-0.345
73975.000,0.928,-1.481,-0.377
73976.000,0.731,-1.600,-0.250
73977.000,0.560,-1.720,-0.250
73978.000,0.542,-1.780,0.110
73979.000,0.479,-1.899,0.258
73980.000,0.434,-1.829,0.174
73981.000,0.479,-1.451,-0.144
73982.000,0.650,-1.331,-0.218
73983.000,0.659,-0.603,-1.001
73984.000,0.578,-0.464,-1.319
73985.000,0.632,0.045,-1.721
73986.000,0.470,0.104,-1.584
73987.000,0.506,0.404,-1.478
73988.000,0.524,0.443,-1.658
73989.000,0.560,0.802,-1.721
73990.000,0.434,0.693,-1.838
73991.000,0.515,0.722,-1.743
73992.000,0.524,0.982,-1.764
73993.000,0.551,1.091,-2.039
73994.000,0.533,1.291,-1.711
73995.000,0.713,1.919,-1.647
73996.000,1.458,2.118,-1.033
73997.000,0.811,1.570,-1.118
73998.000,0.030,0.902,-1.404
73999.000,-0.221,0.583,-0.811
74000.000,0.012,0.683,0.682
74001.000,0.326,0.354,0.841
74002.000,0.299,-0.075,0.470
74003.000,0.344,-0.573,-0.080
74004.000,0.793,-1.291,-0.430
74005.000,0.335,-1.510,-0.694
74006.000,0.308,-1.660,0.174
74007.000,0.488,-1.939,0.460
74008.000,0.748,-1.810,0.068
74009.000,0.739,-1.590,0.068
74010.000,0.713,-1.182,0.322
74011.000,0.461,-0.713,0.174
74012.000,0.326,-0.504,-0.546
74013.000,0.165,-0.075,-1.012
74014.000,-0.078,0.184,-1.192
74015.000,0.111,0.722,-1.478
74016.000,0.039,0.962,-1.128
74017.000,0.138,1.091,-1.351
74018.000,0.201,1.380,-1.404
74019.000,0.183,1.640,-1.277
74020.000,0.138,1.660,-1.954
74021.000,0.282,2.008,-2.039
74022.000,0.282,2.696,-1.361
74023.000,0.569,2.298,-1.171
74024.000,0.623,1.689,-1.192
74025.000,1.081,1.071,-0.610
74026.000,1.287,0.613,-0.504
74027.000,1.548,0.483,-0.483
74028.000,1.548,0.204,-0.525
74029.000,1.215,-0.075,-0.821
74030.000,1.009,-0.474,-0.726
74031.000,0.560,-1.032,-0.324
74032.000,0.389,-1.191,-0.313
74033.000,0.524,-1.790,-0.155
74034.000,0.578,-1.550,0.057
74035.000,0.533,-2.039,0.142
74036.000,0.515,-2.178,0.195
74037.000,0.497,-2.099,0.237
74038.000,0.596,-1.899,-0.080
74039.000,0.542,-1.530,-0.557
74040.000,0.353,-0.952,-0.970
74041.000,0.237,-0.414,-1.213
74042.000,0.335,-0.155,-1.541
74043.000,0.264,0.164,-1.510
74044.000,0.264,0.294,-1.785
74045.000,0.282,0.364,-1.668
74046.000,0.587,0.324,-1.753
74047.000,0.650,0.324,-1.563
74048.000,0.506,0.593,-1.637
74049.000,0.605,0.832,-1.764
74050.000,0.704,1.111,-2.113
74051.000,0.713,1.610,-2.314
74052.000,0.811,2.467,-2.282
74053.000,1.395,2.736,-2.219
74054.000,1.108,2.716,-2.007
74055.000,0.739,1.370,-1.425
74056.000,0.407,0.643,-0.536
74057.000,0.461,0.443,-0.049
74058.000,0.623,0.284,-0.102
74059.000,0.407,0.065,-0.260
74060.000,0.246,-0.434,-0.430
74061.000,0.308,-1.032,-0.377
74062.000,0.317,-1.590,-0.133
74063.000,0.488,-1.690,-0.176
74064.000,0.587,-2.009,-0.186
74065.000,0.578,-2.418,-0.038
74066.000,0.748,-2.597,0.449
74067.000,0.892,-2.607,0.555
74068.000,0.820,-1.899,0.290
74069.000,0.560,-1.381,0.152
74070.000,0.335,-0.613,-0.419
74071.000,-0.060,0.124,-1.181
74072.000,-0.230,0.523,-1.848
74073.000,-0.194,0.842,-1.679
74074.000,0.174,0.394,-1.584
74075.000,0.273,0.493,-1.467
74076.000,0.192,0.673,-1.393
74077.000,0.075,0.384,-1.224
74078.000,-0.069,0.982,-1.372
74079.000,-0.132,0.752,-1.647
74080.000,-0.257,1.430,-1.764
74081.000,-0.194,1.679,-1.520
74082.000,-0.114,2.756,-1.298
74083.000,0.578,2.118,-1.573
74084.000,0.677,1.899,-2.166
74085.000,0.650,1.390,-2.113
74086.000,1.251,0.882,-0.896
74087.000,1.467,0.483,-0.049
74088.000,1.422,0.443,0.216
74089.000,1.153,0.085,-0.324
74090.000,1.377,-0.045,-0.155
74091.000,1.377,-0.404,-0.250
74092.000,1.054,-0.703,-0.430
74093.000,0.865,-1.182,-0.080
74094.000,0.713,-1.630,-0.059
74095.000,0.677,-1.700,0.142
74096.000,0.587,-1.879,-0.070
74097.000,0.551,-1.879,-0.197
74098.000,0.641,-1.650,-0.419
74099.000,0.560,-1.381,-0.483
74100.000,0.551,-0.703,-1.086
74101.000,0.371,-0.195,-1.298
74102.000,0.282,0.124,-1.393
74103.000,0.210,0.164,-1.446
74104.000,0.102,-0.135,-1.573
74105.000,0.156,-0.254,-1.404
74106.000,0.165,-0.264,-1.224
74107.000,0.308,-0.364,-1.118
74108.000,0.210,-0.633,-1.181
74109.000,0.192,-0.683,-1.054
74110.000,0.147,-0.763,-1.181
74111.000,0.228,-0.783,-1.203
74112.000,0.290,-0.773,-1.340
74113.000,0.317,-0.763,-1.488
74114.000,0.255,-0.573,-1.340
74115.000,0.156,-0.454,-1.393
74116.000,0.102,-0.374,-1.404
74117.000,0.201,-0.344,-1.531
74118.000,0.273,-0.374,-1.637
74119.000,0.192,-0.364,-1.478
74120.000,0.722,0.782,0.470
74121.000,0.704,0.782,0.449
74122.000,0.686,0.782,0.438
74123.000,0.686,0.762,0.460
74124.000,0.677,0.752,0.438
74125.000,0.677,0.742,0.428
74126.000,0.695,0.732,0.428
74127.000,0.632,0.802,-0.091
74128.000,0.371,0.204,-1.287
74129.000,0.362,0.144,-1.520
74130.000,0.452,-0.125,-1.097
74131.000,0.389,-0.215,-0.652
74132.000,0.407,-0.334,-0.684
74133.000,0.299,-0.334,-0.673
74134.000,0.228,-0.534,-0.896
74135.000,0.003,-0.424,-0.663
74136.000,-0.024,-0.424,-0.673
74137.000,0.012,-0.334,-0.726
74138.000,0.066,-0.314,-0.832
74139.000,-0.078,-0.244,-0.885
74140.000,-0.051,-0.264,-0.885
74141.000,0.012,-0.234,-1.012
74142.000,-0.150,-0.374,-0.811
74143.000,-0.024,-0.294,-1.076
74144.000,0.147,-0.135,-1.139
74145.000,0.201,0.045,-1.213
74146.000,0.255,0.364,-1.361
74147.000,0.416,1.261,-1.743
74148.000,0.614,2.098,-2.050
74149.000,0.542,2.597,-2.028
74150.000,0.416,1.251,-2.102
74151.000,0.443,0.563,-1.436
74152.000,1.206,0.124,-0.271
74153.000,1.646,-0.354,0.692
74154.000,2.006,-0.872,0.195
74155.000,1.943,-0.743,-0.260
74156.000,1.961,-0.514,-0.758
74157.000,1.691,-0.563,-1.457
74158.000,1.287,-0.434,-1.510
74159.000,1.233,-0.354,-1.213
74160.000,0.937,-0.155,-0.800
74161.000,1.000,-0.085,-0.684
74162.000,1.206,-0.215,-0.631
74163.000,1.224,-0.284,-0.726
74164.000,1.054,-0.474,-1.001
74165.000,0.892,-0.324,-1.118
74166.000,0.856,-0.703,-1.234
74167.000,0.793,-0.544,-1.256
74168.000,0.901,-0.683,-1.139
74169.000,0.847,-0.743,-1.054
74170.000,0.757,-0.763,-0.959
74171.000,0.605,-0.793,-1.054
74172.000,0.533,-0.823,-1.107
74173.000,0.407,-0.833,-1.308
74174.000,0.371,-0.823,-1.319
74175.000,0.326,-0.703,-1.330
74176.000,0.353,-0.484,-1.308
74177.000,0.264,-0.215,-1.372
74178.000,0.344,0.015,-1.361
74179.000,0.560,0.394,-1.467
74180.000,0.605,0.982,-1.997
74181.000,0.120,1.360,-2.357
74182.000,0.389,2.427,-2.282
74183.000,0.264,2.706,-1.647
74184.000,0.353,1.161,-0.324
74185.000,0.677,-0.125,0.163
74186.000,0.165,-0.324,-0.229
74187.000,0.335,-0.414,-0.493
74188.000,0.946,-0.095,0.354
74189.000,1.323,0.314,0.248
74190.000,0.964,-0.115,-0.737
74191.000,0.892,-0.354,-1.404
74192.000,0.982,-0.324,-1.541
74193.000,0.829,-0.244,-1.510
74194.000,0.650,-0.234,-1.340
74195.000,0.461,-0.234,-0.959
74196.000,0.308,-0.234,-0.493
74197.000,0.066,-0.284,-0.409
74198.000,0.066,-0.454,-0.684
74199.000,0.174,-0.623,-0.758
74200.000,0.102,-0.713,-0.726
74201.000,0.264,-0.494,-1.065
74202.000,0.120,-0.504,-1.203
74203.000,0.030,-0.344,-1.150
74204.000,-0.105,-0.414,-1.139
74205.000,-0.141,-0.314,-1.160
74206.000,-0.051,-0.234,-1.150
74207.000,-0.015,-0.115,-1.383
74208.000,0.021,-0.045,-1.457
74209.000,-0.096,-0.095,-1.277
74210.000,-0.159,-0.035,-0.991
74211.000,0.003,0.573,-1.245
74212.000,0.165,0.613,-2.028
74213.000,0.255,0.822,-2.473
74214.000,0.273,0.673,-2.452
74215.000,0.407,1.341,-2.187
74216.000,0.766,1.241,-1.467
74217.000,0.722,-0.035,-0.959
74218.000,1.000,-1.610,-0.292
74219.000,0.946,-0.922,0.142
74220.000,1.153,-0.374,-0.239
74221.000,1.018,-0.035,-0.525
74222.000,0.713,0.134,-0.980
74223.000,0.362,0.224,-0.896
74224.000,-0.042,0.104,-0.790
74225.000,0.003,0.055,-0.896
74226.000,-0.060,0.015,-0.949
74227.000,0.084,-0.175,-0.970
74228.000,-0.123,-0.304,-0.896
74229.000,0.129,-0.504,-0.821
74230.000,0.461,-0.563,-0.758
74231.000,0.560,-0.504,-0.917
74232.000,0.578,-0.474,-1.054
74233.000,0.659,-0.334,-1.234
74234.000,0.695,-0.294,-1.308
74235.000,0.578,-0.304,-1.245
74236.000,0.569,-0.334,-1.234
74237.000,0.461,-0.304,-1.308
74238.000,0.488,-0.364,-1.107
74239.000,0.542,-0.414,-1.107
74240.000,0.524,-0.384,-1.192
74241.000,0.650,-0.324,-1.118
74242.000,0.596,-0.225,-1.139
74243.000,0.650,-0.135,-1.171
74244.000,0.874,-0.185,-1.118
74245.000,0.757,-0.185,-1.361
74246.000,0.766,-0.015,-1.859
74247.000,0.317,-0.015,-2.081
74248.000,-0.185,0.085,-1.743
74249.000,-0.311,0.035,-1.478
74250.000,-0.167,-0.095,-1.425
74251.000,0.012,-0.005,-1.499
74252.000,0.246,0.683,-1.404
74253.000,0.201,0.463,-1.817
74254.000,0.470,0.194,-1.393
74255.000,0.497,-0.025,-0.800
74256.000,0.560,-0.155,-0.366
74257.000,0.686,-0.125,-0.356
74258.000,0.757,-0.055,-0.546
74259.000,0.775,-0.225,-0.896
74260.000,0.739,-0.185,-1.171
74261.000,0.605,-0.015,-1.118
74262.000,0.479,0.005,-0.959
74263.000,0.362,-0.135,-0.673
74264.000,0.308,-0.234,-0.514
74265.000,0.228,-0.324,-0.409
74266.000,0.174,-0.244,-0.282
74267.000,0.183,-0.145,-0.292
74268.000,0.192,0.085,-0.462
74269.000,0.353,0.204,-0.716
74270.000,0.326,0.364,-0.853
74271.000,0.389,0.603,-1.107
74272.000,0.353,0.503,-1.128
74273.000,0.299,0.394,-1.118
74274.000,0.282,0.264,-1.001
74275.000,0.210,0.035,-0.927
74276.000,0.156,-0.155,-0.779
74277.000,0.165,-0.284,-0.684
74278.000,0.084,-0.324,-0.652
74279.000,-0.015,-0.225,-0.631
74280.000,0.075,-0.215,-0.663
74281.000,0.156,-0.244,-0.673
74282.000,0.075,-0.095,-0.663
74283.000,0.102,-0.065,-0.758
74284.000,0.147,-0.005,-0.864
74285.000,0.156,-0.055,-0.800
74286.000,0.111,0.005,-0.790
74287.000,0.156,0.015,-0.800
74288.000,0.147,0.025,-0.726
74289.000,0.219,0.035,-0.769
74290.000,0.120,0.164,-0.970
74291.000,0.147,0.194,-0.959
74292.000,0.165,0.214,-0.949
74293.000,0.201,0.214,-0.938
74294.000,0.210,0.194,-0.938
74295.000,0.290,0.194,-1.012
74296.000,0.282,0.164,-1.076
74297.000,0.219,0.025,-1.150
74298.000,0.129,0.015,-1.139
74299.000,0.093,0.025,-1.171
74300.000,-0.033,0.094,-1.181
74301.000,-0.024,-0.005,-1.203
74302.000,0.093,0.523,-1.298
74303.000,0.255,0.703,-1.351
74304.000,0.021,0.483,-1.615
74305.000,0.066,0.065,-1.181
74306.000,0.201,-0.274,-0.747
74307.000,0.147,-0.244,-0.525
74308.000,0.174,-0.125,-0.504
74309.000,0.344,-0.035,-0.536
74310.000,0.273,-0.085,-0.398
74311.000,0.201,-0.195,-0.716
74312.000,0.299,-0.264,-0.811
74313.000,0.524,-0.294,-0.652
74314.000,0.560,-0.424,-0.811
74315.000,0.731,-0.404,-0.843
74316.000,0.802,-0.334,-0.896
74317.000,0.865,-0.384,-0.927
74318.000,0.937,-0.294,-1.023
74319.000,0.865,-0.135,-1.097
74320.000,0.928,-0.025,-1.266
74321.000,0.955,0.194,-1.404
74322.000,0.829,0.274,-1.563
74323.000,0.802,0.234,-1.615
74324.000,0.731,0.194,-1.732
74325.000,0.766,0.204,-1.647
74326.000,0.614,0.085,-1.510
74327.000,0.569,-0.085,-1.340
74328.000,0.443,-0.344,-1.192
74329.000,0.479,-0.374,-0.811
74330.000,0.488,-0.593,-0.917
74331.000,0.569,-0.553,-1.192
74332.000,0.641,-0.573,-1.404
74333.000,0.677,-0.474,-1.488
74334.000,0.605,-0.374,-1.584
74335.000,0.587,-0.244,-1.488
74336.000,0.533,-0.195,-1.372
74337.000,0.533,-0.225,-1.414
74338.000,0.614,-0.234,-1.393
74339.000,0.578,-0.205,-1.478
74340.000,0.587,-0.175,-1.626
74341.000,0.704,-0.135,-1.531
74342.000,0.883,-0.055,-1.520
74343.000,1.018,-0.155,-1.541
74344.000,1.054,-0.135,-1.499
74345.000,0.973,-0.195,-1.594
74346.000,0.874,-0.234,-1.584
74347.000,0.802,-0.294,-1.393
74348.000,0.650,-0.294,-1.361
74349.000,0.623,-0.244,-1.224
74350.000,0.605,-0.105,-1.224
74351.000,0.677,-0.105,-1.330
74352.000,0.713,-0.105,-1.414
74353.000,0.695,-0.015,-1.446
74354.000,0.650,-0.085,-1.361
74355.000,0.533,-0.135,-1.298
74356.000,0.479,-0.205,-1.128
74357.000,0.443,-0.244,-0.980
74358.000,0.470,-0.314,-0.970
74359.000,0.389,-0.215,-1.001
74360.000,0.407,-0.264,-0.980
74361.000,0.470,-0.314,-1.023
74362.000,0.344,-0.205,-1.054
74363.000,0.246,-0.125,-1.012
74364.000,0.174,-0.075,-1.044
74365.000,0.237,0.025,-1.076
74366.000,0.219,0.045,-1.181
74367.000,0.219,-0.015,-1.033
74368.000,0.273,-0.035,-1.012
74369.000,0.282,-0.055,-0.991
74370.000,0.237,0.045,-1.065
74371.000,0.264,0.065,-1.054
74372.000,0.290,0.055,-1.097
74373.000,0.228,-0.015,-1.128
74374.000,0.273,-0.035,-1.065
74375.000,0.264,-0.015,-0.970
74376.000,0.246,0.085,-1.044
74377.000,0.210,0.005,-0.991
74378.000,0.228,-0.035,-0.991
74379.000,0.174,-0.085,-0.927
74380.000,0.246,-0.075,-0.980
74381.000,0.183,-0.075,-0.959
74382.000,0.138,-0.055,-1.012
74383.000,0.084,0.005,-1.012
74384.000,0.138,0.164,-0.970
74385.000,0.246,-0.025,-0.970
74386.000,0.147,-0.195,-0.906
74387.000,0.156,-0.215,-0.885
74388.000,0.228,0.035,-0.896
74389.000,0.255,0.045,-1.001
74390.000,0.219,0.085,-1.097
74391.000,0.066,0.104,-1.012
74392.000,0.039,-0.005,-0.927
74393.000,0.084,-0.005,-0.938
74394.000,0.021,0.075,-0.821
74395.000,0.039,0.085,-0.843
74396.000,-0.078,0.045,-0.821
74397.000,-0.042,0.094,-0.864
74398.000,0.030,-0.005,-0.811
74399.000,-0.033,0.045,-0.821
74400.000,-0.033,-0.005,-0.821
74401.000,-0.087,-0.005,-0.885
74402.000,-0.006,-0.025,-1.012
74403.000,0.084,-0.035,-0.917
74404.000,0.138,0.025,-0.938
74405.000,0.174,-0.025,-0.949
74406.000,0.183,-0.005,-0.991
74407.000,0.174,0.055,-0.896
74408.000,0.138,-0.035,-0.874
74409.000,0.093,0.005,-0.906
74410.000,0.174,0.005,-1.012
74411.000,0.174,-0.025,-0.927
74412.000,0.210,-0.055,-1.054
74413.000,0.183,-0.125,-1.033
74414.000,0.156,-0.145,-0.927
74415.000,0.228,-0.035,-0.980
74416.000,0.219,-0.055,-0.959
74417.000,0.138,-0.155,-0.959
74418.000,0.066,-0.105,-1.044
74419.000,0.066,0.055,-0.991
74420.000,0.030,0.035,-0.980
74421.000,0.030,0.055,-1.023
74422.000,0.048,0.065,-1.086
74423.000,0.039,0.094,-1.033
74424.000,0.084,0.055,-1.001
74425.000,0.129,-0.015,-1.044
74426.000,0.228,0.005,-1.012
74427.000,0.246,-0.005,-1.044
74428.000,0.299,-0.015,-1.012
74429.000,0.299,-0.025,-1.065
74430.000,0.299,-0.015,-1.012
74431.000,0.308,0.005,-1.076
74432.000,0.264,0.015,-1.139
74433.000,0.317,-0.085,-1.054
74434.000,0.344,-0.135,-1.044
74435.000,0.308,-0.155,-1.001
74436.000,0.290,-0.135,-0.949
74437.000,0.308,-0.165,-1.033
74438.000,0.255,-0.175,-1.023
74439.000,0.237,-0.115,-1.065
74440.000,0.174,-0.085,-1.128
74441.000,0.246,-0.055,-1.097
74442.000,0.282,-0.065,-1.118
74443.000,0.273,-0.095,-1.160
74444.000,0.299,-0.135,-1.118
74445.000,0.317,-0.145,-1.097
74446.000,0.282,-0.045,-1.150
74447.000,0.273,-0.015,-1.192
74448.000,0.299,-0.065,-1.192
74449.000,0.237,-0.115,-1.097
74450.000,0.219,-0.115,-1.086
74451.000,0.246,-0.105,-1.097
74452.000,0.255,-0.125,-1.065
74453.000,0.183,-0.155,-1.086
74454.000,0.174,-0.165,-1.001
74455.000,0.219,-0.125,-1.054
74456.000,0.246,-0.105,-1.023
74457.000,0.219,-0.035,-1.065
74458.000,0.201,-0.085,-1.054
74459.000,0.183,-0.085,-1.107
74460.000,0.165,-0.075,-0.980
74461.000,0.138,-0.085,-0.980
74462.000,0.156,-0.005,-1.054
74463.000,0.111,-0.035,-1.044
74464.000,0.210,-0.015,-0.991
74465.000,0.192,-0.095,-0.970
74466.000,0.219,-0.055,-1.044
74467.000,0.219,-0.055,-1.044
74468.000,0.192,0.015,-1.023
74469.000,0.183,-0.005,-1.012
74470.000,0.192,-0.005,-0.970
74471.000,0.147,0.015,-0.980
74472.000,0.237,-0.025,-1.001
74473.000,0.210,-0.065,-0.991
74474.000,0.192,-0.085,-0.991
74475.000,0.183,-0.015,-1.044
74476.000,0.183,0.005,-1.001
74477.000,0.147,0.035,-1.012
74478.000,0.210,0.045,-0.980
74479.000,0.201,-0.025,-1.012
74480.000,0.174,0.015,-0.980
74481.000,0.192,-0.005,-1.086
74482.000,0.210,-0.075,-1.001
74483.000,0.174,-0.135,-1.128
74484.000,0.156,-0.015,-1.001
74485.000,0.138,0.015,-1.012
74486.000,0.138,-0.035,-1.012
74487.000,0.192,0.005,-1.065
74488.000,0.228,-0.075,-1.065
74489.000,0.210,-0.115,-1.128
74490.000,0.156,-0.115,-1.033
74491.000,0.138,-0.135,-1.086
74492.000,0.201,-0.055,-1.076
74493.000,0.237,-0.135,-1.054
74494.000,0.201,-0.095,-1.044
74495.000,0.102,-0.205,-1.054
74496.000,0.066,-0.165,-1.012
74497.000,0.075,-0.205,-0.938
74498.000,0.057,-0.145,-1.012
74499.000,0.021,-0.155,-1.012
74500.000,0.102,-0.105,-1.086
74501.000,0.039,-0.055,-1.076
74502.000,-0.024,-0.095,-1.097
74503.000,0.003,-0.135,-1.023
74504.000,0.084,-0.095,-0.991
74505.000,0.066,-0.135,-0.980
74506.000,0.066,-0.135,-1.023
74507.000,0.138,-0.185,-1.012
74508.000,0.165,-0.115,-1.139
74509.000,0.147,-0.095,-1.118
74510.000,0.147,-0.045,-1.065
74511.000,0.201,-0.015,-1.160
74512.000,0.192,-0.105,-1.118
74513.000,0.183,-0.085,-1.150
74514.000,0.111,-0.075,-1.118
74515.000,0.201,-0.095,-1.107
74516.000,0.282,-0.105,-1.076
74517.000,0.192,-0.115,-1.033
74518.000,0.192,-0.195,-1.065
74519.000,0.192,-0.105,-1.076
74520.000,0.120,-0.135,-0.991
74521.000,0.138,-0.075,-0.980
74522.000,0.120,-0.065,-1.001
74523.000,0.129,-0.015,-1.054
74524.000,0.129,-0.005,-1.139
74525.000,0.174,-0.015,-1.150
74526.000,0.219,0.035,-1.181
74527.000,0.210,0.005,-1.139
74528.000,0.299,0.055,-1.128
74529.000,0.380,0.214,-1.160
74530.000,0.461,0.364,-1.234
74531.000,0.515,0.413,-1.277
74532.000,0.497,0.364,-1.298
74533.000,0.479,0.294,-1.192
74534.000,0.515,0.224,-0.906
74535.000,0.425,0.015,-0.769
74536.000,0.497,-0.095,-0.726
74537.000,0.515,0.005,-0.716
74538.000,0.497,0.055,-0.800
74539.000,0.614,0.204,-0.906
74540.000,0.641,0.224,-0.843
74541.000,0.614,0.214,-0.874
74542.000,0.659,0.124,-0.864
74543.000,0.722,0.055,-0.906
74544.000,0.793,-0.045,-0.790
74545.000,0.739,-0.244,-0.779
74546.000,0.847,-0.205,-0.589
74547.000,0.910,-0.334,-0.758
74548.000,0.919,-0.234,-0.716
74549.000,0.865,-0.075,-0.843
74550.000,0.802,0.144,-1.001
74551.000,0.677,0.134,-1.192
74552.000,0.739,0.114,-1.234
74553.000,0.739,0.134,-1.171
74554.000,0.632,0.035,-1.234
74555.000,0.704,-0.045,-1.054
74556.000,0.623,-0.105,-1.266
74557.000,0.695,-0.195,-1.234
74558.000,0.587,-0.364,-1.287
74559.000,0.704,-0.384,-1.192
74560.000,0.650,-0.404,-1.128
74561.000,0.659,-0.534,-1.192
74562.000,0.515,-0.474,-1.097
74563.000,0.515,-0.364,-1.107
74564.000,0.479,-0.234,-1.097
74565.000,0.524,-0.185,-1.192
74566.000,0.479,-0.155,-1.266
74567.000,0.515,-0.195,-1.340
74568.000,0.569,-0.075,-1.287
74569.000,0.641,-0.085,-1.266
74570.000,0.587,0.055,-1.128
74571.000,0.623,0.094,-1.150
74572.000,0.668,0.035,-1.160
74573.000,0.748,-0.065,-1.128
74574.000,0.578,-0.105,-1.023
74575.000,0.623,-0.334,-0.832
74576.000,0.677,-0.464,-0.758
74577.000,0.713,-0.573,-0.673
74578.000,0.704,-0.474,-0.578
74579.000,0.614,-0.254,-0.663
74580.000,0.398,-0.095,-0.737
74581.000,0.443,0.104,-0.832
74582.000,0.156,0.184,-0.684
74583.000,0.111,0.194,-0.514
74584.000,0.066,0.075,-0.440
74585.000,0.084,0.094,-0.567
74586.000,0.156,0.144,-0.769
74587.000,0.192,0.374,-0.896
74588.000,0.111,0.583,-0.927
74589.000,0.192,0.872,-0.980
74590.000,0.165,0.762,-1.054
74591.000,0.183,0.503,-1.044
74592.000,0.210,0.214,-0.758
74593.000,0.299,0.085,-0.652
74594.000,0.210,0.005,-0.557
74595.000,0.156,-0.035,-0.356
74596.000,0.138,0.134,-0.440
74597.000,0.093,0.264,-0.430
74598.000,0.093,0.324,-0.599
74599.000,0.255,0.304,-0.779
74600.000,0.282,0.453,-0.811
74601.000,0.317,0.384,-0.758
74602.000,0.102,0.374,-0.642
74603.000,0.174,0.224,-0.663
74604.000,0.210,0.144,-0.716
74605.000,0.156,0.075,-0.631
74606.000,0.129,-0.025,-0.567
74607.000,0.129,-0.025,-0.419
74608.000,0.111,0.005,-0.504
74609.000,0.021,0.015,-0.504
74610.000,0.021,-0.035,-0.536
74611.000,-0.132,0.005,-0.599
74612.000,-0.114,0.005,-0.525
74613.000,0.012,-0.015,-0.642
74614.000,-0.006,-0.015,-0.716
74615.000,0.066,0.045,-0.705
74616.000,0.156,0.045,-0.716
74617.000,0.246,0.134,-0.821
74618.000,0.353,0.154,-0.970
74619.000,0.497,0.124,-1.097
74620.000,0.542,-0.075,-1.277
74621.000,0.542,-0.195,-1.287
74622.000,0.461,-0.344,-1.203
74623.000,0.515,-0.414,-1.086
74624.000,0.461,-0.434,-0.959
74625.000,0.434,-0.354,-1.044
74626.000,0.308,-0.254,-1.160
74627.000,0.290,-0.145,-1.256
74628.000,0.380,-0.105,-1.393
74629.000,0.488,-0.135,-1.478
74630.000,0.793,-0.374,-1.372
74631.000,0.766,-0.364,-1.404
74632.000,0.748,-0.384,-1.425
74633.000,0.739,-0.404,-1.467
74634.000,0.739,-0.414,-1.478
74635.000,0.748,-0.394,-1.478
74636.000,0.713,-0.404,-1.488
74637.000,0.766,-0.404,-1.488
74638.000,0.829,-0.344,-1.499
74639.000,0.802,-0.364,-1.457
74640.000,0.829,-0.304,-1.478
74641.000,0.856,-0.244,-1.488
74642.000,0.847,-0.225,-1.457
74643.000,0.928,-0.284,-1.414
74644.000,0.991,-0.254,-1.383
74645.000,0.910,-0.254,-1.372
74646.000,0.991,-0.185,-1.340
74647.000,0.964,-0.284,-1.457
74648.000,1.063,-0.304,-1.446
74649.000,1.108,-0.344,-1.478
74650.000,1.036,-0.374,-1.404
74651.000,1.054,-0.264,-1.425
74652.000,1.063,-0.234,-1.510
74653.000,1.045,-0.274,-1.478
74654.000,1.036,-0.414,-1.584
74655.000,0.982,-0.344,-1.563
74656.000,1.000,-0.404,-1.488
74657.000,0.946,-0.444,-1.414
74658.000,0.991,-0.374,-1.446
74659.000,0.973,-0.394,-1.467
74660.000,0.937,-0.384,-1.510
74661.000,0.829,-0.314,-1.531
74662.000,0.811,-0.274,-1.457
74663.000,0.722,-0.274,-1.510
74664.000,0.731,-0.215,-1.436
74665.000,0.668,-0.215,-1.393
74666.000,0.686,-0.195,-1.277
74667.000,0.614,-0.225,-1.340
74668.000,0.587,-0.205,-1.287
74669.000,0.668,-0.284,-1.277
74670.000,0.695,-0.334,-1.203
74671.000,0.766,-0.324,-1.224
74672.000,0.802,-0.314,-1.234
74673.000,0.766,-0.334,-1.181
74674.000,0.748,-0.304,-1.224
74675.000,0.677,-0.234,-1.171
74676.000,0.587,-0.105,-1.076
74677.000,0.560,-0.075,-1.065
74678.000,0.569,-0.115,-1.023
74679.000,0.533,-0.135,-1.012
74680.000,0.587,-0.115,-0.938
74681.000,0.551,-0.175,-0.980
74682.000,0.551,-0.035,-0.927
74683.000,0.551,0.035,-0.938
74684.000,0.551,0.075,-0.938
74685.000,0.479,0.025,-0.874
74686.000,0.506,-0.035,-0.758
74687.000,0.443,-0.075,-0.779
74688.000,0.452,-0.025,-0.800
74689.000,0.416,0.045,-0.779
74690.000,0.407,0.174,-0.864
74691.000,0.380,0.324,-0.970
74692.000,0.371,0.483,-0.991
74693.000,0.299,0.513,-1.033
74694.000,0.192,0.433,-1.054
74695.000,0.201,0.284,-0.896
74696.000,0.192,0.154,-0.874
74697.000,0.210,0.025,-0.800
74698.000,0.201,-0.095,-0.737
74699.000,0.210,-0.195,-0.694
74700.000,0.237,-0.125,-0.779
74701.000,0.228,-0.055,-0.790
74702.000,0.308,0.075,-0.896
74703.000,0.344,0.114,-0.938
74704.000,0.308,0.254,-0.980
74705.000,0.282,0.254,-1.033
74706.000,0.264,0.284,-0.927
74707.000,0.326,0.174,-0.906
74708.000,0.317,0.134,-0.949
74709.000,0.371,0.274,-0.970
74710.000,0.299,0.234,-0.896
74711.000,0.282,0.075,-0.864
74712.000,0.308,0.144,-0.821
74713.000,0.246,0.035,-0.864
74714.000,0.273,-0.095,-0.991
74715.000,0.290,-0.115,-1.033
74716.000,0.264,-0.135,-0.959
74717.000,0.326,-0.115,-1.012
74718.000,0.353,-0.165,-0.927
74719.000,0.362,-0.095,-0.938
74720.000,0.371,0.005,-0.959
74721.000,0.389,-0.015,-1.054
74722.000,0.488,-0.015,-1.160
74723.000,0.515,-0.095,-1.224
74724.000,0.605,-0.145,-1.139
74725.000,0.596,-0.165,-1.128
74726.000,0.569,-0.165,-1.086
74727.000,0.632,-0.125,-1.139
74728.000,0.596,-0.145,-1.234
74729.000,0.560,-0.035,-1.192
74730.000,0.488,-0.015,-1.213
74731.000,0.488,-0.055,-1.181
74732.000,0.479,-0.165,-1.287
74733.000,0.569,-0.185,-1.160
74734.000,0.542,-0.175,-1.181
74735.000,0.605,-0.274,-1.213
74736.000,0.542,-0.244,-1.150
74737.000,0.551,-0.254,-1.192
74738.000,0.560,-0.294,-1.171
74739.000,0.605,-0.324,-1.224
74740.000,0.686,-0.234,-1.224
74741.000,0.659,-0.244,-1.277
74742.000,0.695,-0.225,-1.361
74743.000,0.605,-0.165,-1.414
74744.000,0.614,-0.234,-1.425
74745.000,0.578,-0.264,-1.340
74746.000,0.578,-0.254,-1.298
74747.000,0.560,-0.324,-1.330
74748.000,0.650,-0.404,-1.383
74749.000,0.748,-0.474,-1.340
74750.000,0.820,-0.404,-1.383
74751.000,0.847,-0.314,-1.510
74752.000,0.820,-0.165,-1.584
74753.000,0.937,-0.165,-1.721
74754.000,0.946,-0.155,-1.690
74755.000,0.982,-0.264,-1.584
74756.000,0.937,-0.274,-1.499
74757.000,0.901,-0.414,-1.510
74758.000,0.856,-0.394,-1.467
74759.000,0.847,-0.414,-1.425
74760.000,0.865,-0.394,-1.393
74761.000,0.874,-0.354,-1.351
74762.000,0.775,-0.324,-1.425
74763.000,0.829,-0.314,-1.499
74764.000,0.991,-0.314,-1.541
74765.000,1.090,-0.374,-1.457
74766.000,1.144,-0.364,-1.436
74767.000,1.117,-0.394,-1.393
74768.000,1.180,-0.384,-1.393
74769.000,1.171,-0.354,-1.393
74770.000,1.126,-0.394,-1.457
74771.000,1.108,-0.374,-1.425
74772.000,1.108,-0.324,-1.372
74773.000,1.090,-0.364,-1.436
74774.000,1.045,-0.354,-1.372
74775.000,1.036,-0.364,-1.467
74776.000,1.063,-0.294,-1.393
74777.000,1.063,-0.314,-1.414
74778.000,1.188,-0.344,-1.404
74779.000,1.117,-0.244,-1.457
74780.000,1.108,-0.254,-1.478
74781.000,1.144,-0.165,-1.436
74782.000,1.206,-0.234,-1.457
74783.000,1.108,-0.225,-1.488
74784.000,1.045,-0.195,-1.541
74785.000,1.027,-0.215,-1.510
74786.000,0.874,-0.274,-1.520
74787.000,0.883,-0.254,-1.414
74788.000,0.829,-0.544,-1.425
74789.000,0.838,-0.264,-1.467
74790.000,0.838,-0.254,-1.446
74791.000,0.883,-0.234,-1.404
74792.000,0.784,-0.215,-1.372
74793.000,0.802,-0.254,-1.467
74794.000,0.820,-0.294,-1.414
74795.000,0.784,-0.334,-1.520
74796.000,0.865,-0.314,-1.510
74797.000,0.784,-0.234,-1.457
74798.000,0.802,-0.264,-1.499
74799.000,0.784,-0.244,-1.414
74800.000,0.524,-0.304,-1.330
74801.000,0.551,-0.284,-1.330
74802.000,0.569,-0.274,-1.340
74803.000,0.569,-0.264,-1.351
74804.000,0.551,-0.274,-1.361
74805.000,0.560,-0.234,-1.308
74806.000,0.479,-0.195,-1.351
74807.000,0.443,-0.274,-1.298
74808.000,0.407,-0.254,-1.277
74809.000,0.416,-0.195,-1.245
74810.000,0.380,-0.234,-1.298
74811.000,0.353,-0.254,-1.361
74812.000,0.389,-0.195,-1.340
74813.000,0.344,-0.205,-1.319
74814.000,0.353,-0.234,-1.266
74815.000,0.317,-0.225,-1.234
74816.000,0.335,-0.205,-1.245
74817.000,0.362,-0.205,-1.192
74818.000,0.344,-0.095,-1.266
74819.000,0.344,-0.244,-1.192
74820.000,0.362,-0.215,-1.192
74821.000,0.326,-0.185,-1.171
74822.000,0.335,-0.215,-1.086
74823.000,0.353,-0.155,-1.118
74824.000,0.353,-0.155,-1.171
74825.000,0.344,-0.125,-1.192
74826.000,0.308,-0.085,-1.076
74827.000,0.273,-0.145,-1.012
74828.000,0.255,-0.085,-1.012
74829.000,0.282,-0.085,-1.044
74830.000,0.308,-0.025,-0.980
74831.000,0.317,-0.035,-1.076
74832.000,0.353,-0.055,-0.970
74833.000,0.282,-0.055,-0.938
74834.000,0.290,-0.005,-0.885
74835.000,0.299,-0.035,-0.843
74836.000,0.255,0.045,-0.843
74837.000,0.264,0.015,-0.821
74838.000,0.246,0.045,-0.790
74839.000,0.228,0.134,-0.747
74840.000,0.210,0.164,-0.737
74841.000,0.156,0.094,-0.747
74842.000,0.192,0.124,-0.737
74843.000,0.165,0.304,-0.769
74844.000,0.165,0.284,-0.642
74845.000,0.290,0.254,-0.716
74846.000,0.228,0.184,-0.747
74847.000,0.201,0.124,-0.769
74848.000,0.264,0.174,-0.694
74849.000,0.299,0.204,-0.737
74850.000,0.246,0.204,-0.631
74851.000,0.290,0.234,-0.567
74852.000,0.120,0.174,-0.536
74853.000,0.210,0.204,-0.504
74854.000,0.129,0.264,-0.504
74855.000,0.138,0.194,-0.483
74856.000,0.138,0.174,-0.440
74857.000,0.102,0.224,-0.451
74858.000,0.192,0.204,-0.419
74859.000,0.138,0.174,-0.440
74860.000,0.183,0.164,-0.462
74861.000,0.228,0.164,-0.440
74862.000,0.210,0.244,-0.462
74863.000,0.165,0.114,-0.430
74864.000,0.174,0.144,-0.377
74865.000,0.273,0.234,-0.260
74866.000,0.282,0.324,-0.377
74867.000,0.299,0.254,-0.493
74868.000,0.246,0.384,-0.451
74869.000,0.156,0.384,-0.451
74870.000,0.147,0.384,-0.451
74871.000,0.084,0.423,-0.430
74872.000,0.174,0.443,-0.536
74873.000,0.048,0.404,-0.493
74874.000,0.075,0.304,-0.430
74875.000,0.111,0.234,-0.356
74876.000,-0.006,0.244,-0.472
74877.000,0.039,0.264,-0.440
74878.000,0.003,0.204,-0.409
74879.000,-0.060,0.124,-0.451
74880.000,-0.060,0.114,-0.366
74881.000,-0.105,0.154,-0.451
74882.000,-0.159,0.184,-0.419
74883.000,-0.105,0.094,-0.419
74884.000,-0.132,0.085,-0.440
74885.000,-0.051,0.045,-0.536
74886.000,-0.060,0.005,-0.546
74887.000,-0.015,0.124,-0.620
74888.000,0.012,0.045,-0.610
74889.000,0.039,0.085,-0.652
74890.000,-0.015,0.065,-0.599
74891.000,-0.051,-0.025,-0.663
74892.000,-0.060,0.015,-0.726
74893.000,-0.060,0.085,-0.758
74894.000,-0.042,-0.015,-0.843
74895.000,0.012,0.005,-0.864
74896.000,0.147,0.104,-0.779
74897.000,0.120,0.114,-0.970
74898.000,0.174,0.025,-1.054
74899.000,0.129,-0.095,-1.139
74900.000,0.228,-0.025,-1.171
74901.000,0.156,-0.185,-0.970
74902.000,0.174,-0.065,-0.970
74903.000,0.228,-0.085,-0.843
74904.000,0.246,-0.055,-0.821
74905.000,0.201,-0.135,-0.970
74906.000,0.237,-0.145,-1.128
74907.000,0.210,-0.105,-1.150
74908.000,0.183,-0.075,-1.234
74909.000,0.201,-0.075,-1.192
74910.000,0.228,-0.185,-1.298
74911.000,0.264,-0.254,-1.213
74912.000,0.237,-0.195,-1.203
74913.000,0.317,-0.234,-1.213
74914.000,0.326,-0.284,-1.203
74915.000,0.299,-0.234,-1.181
74916.000,0.299,-0.234,-1.192
74917.000,0.308,-0.264,-1.256
74918.000,0.290,-0.195,-1.308
74919.000,0.353,-0.135,-1.308
74920.000,0.353,-0.165,-1.266
74921.000,0.264,-0.175,-1.287
74922.000,0.264,-0.234,-1.330
74923.000,0.317,-0.165,-1.361
74924.000,0.299,-0.115,-1.372
74925.000,0.299,-0.175,-1.404
74926.000,0.282,-0.175,-1.361
74927.000,0.380,-0.175,-1.361
74928.000,0.264,-0.125,-1.287
74929.000,0.299,-0.145,-1.319
74930.000,0.353,-0.115,-1.351
74931.000,0.344,-0.185,-1.319
74932.000,0.362,-0.135,-1.330
74933.000,0.264,-0.175,-1.340
74934.000,0.237,-0.185,-1.308
74935.000,0.317,-0.185,-1.330
74936.000,0.317,-0.185,-1.330
74937.000,0.308,-0.264,-1.298
74938.000,0.335,-0.225,-1.319
74939.000,0.371,-0.254,-1.340
74940.000,0.282,-0.284,-1.351
74941.000,0.335,-0.284,-1.245
74942.000,0.335,-0.264,-1.266
74943.000,0.264,-0.225,-1.266
74944.000,0.228,-0.195,-1.319
74945.000,0.273,-0.125,-1.319
74946.000,0.273,-0.185,-1.203
74947.000,0.237,-0.225,-1.266
74948.000,0.210,-0.125,-1.224
74949.000,0.219,-0.145,-1.287
74950.000,0.255,-0.175,-1.256
74951.000,0.219,-0.085,-1.181
74952.000,0.102,-0.085,-1.118
74953.000,0.183,-0.175,-1.139
74954.000,0.192,-0.155,-1.181
74955.000,0.192,-0.085,-1.160
74956.000,0.156,-0.055,-1.150
74957.000,0.210,-0.095,-1.150
74958.000,0.192,-0.135,-1.139
74959.000,0.165,-0.065,-1.065
74960.000,0.192,-0.115,-1.160
74961.000,0.201,-0.185,-1.139
74962.000,0.255,-0.125,-1.128
74963.000,0.255,-0.205,-1.097
74964.000,0.201,-0.155,-1.076
74965.000,0.210,-0.065,-1.128
74966.000,0.228,-0.135,-1.065
74967.000,0.273,-0.095,-1.107
74968.000,0.264,-0.025,-1.097
74969.000,0.246,-0.055,-1.160
74970.000,0.326,-0.035,-1.118
74971.000,0.317,-0.055,-1.139
74972.000,0.273,-0.085,-1.118
74973.000,0.282,-0.055,-1.118
74974.000,0.371,-0.095,-1.139
74975.000,0.290,-0.225,-1.044
74976.000,0.407,-0.055,-1.139
74977.000,0.425,-0.035,-1.065
74978.000,0.407,-0.045,-1.097
74979.000,0.434,-0.075,-1.181
74980.000,0.398,-0.165,-1.076
74981.000,0.452,-0.105,-1.224
74982.000,0.524,-0.165,-1.065
74983.000,0.479,-0.155,-1.181
74984.000,0.515,-0.125,-1.181
74985.000,0.479,-0.274,-1.128
74986.000,0.524,-0.185,-1.160
74987.000,0.569,-0.145,-1.181
74988.000,0.551,-0.165,-1.192
74989.000,0.506,-0.075,-1.213
74990.000,0.470,-0.105,-1.192
74991.000,0.488,-0.035,-1.171
74992.000,0.479,-0.135,-1.234
74993.000,0.416,-0.045,-1.128
74994.000,0.425,-0.095,-1.150
74995.000,0.425,-0.045,-1.181
74996.000,0.398,-0.115,-1.139
74997.000,0.344,-0.075,-1.086
74998.000,0.398,-0.015,-1.054
74999.000,0.389,-0.025,-1.097
75000.000,0.371,-0.015,-1.107
75001.000,0.362,-0.035,-1.086
75002.000,0.353,-0.035,-1.065
75003.000,0.353,-0.095,-1.012
75004.000,0.389,-0.055,-1.086
75005.000,0.389,-0.065,-1.012
75006.000,0.389,-0.005,-1.023
75007.000,0.371,-0.045,-1.118
75008.000,0.317,-0.015,-1.097
75009.000,0.380,-0.025,-1.065
75010.000,0.299,-0.075,-1.076
75011.000,0.317,-0.075,-1.044
75012.000,0.273,-0.075,-0.991
75013.000,0.299,-0.095,-0.991
75014.000,0.344,-0.105,-1.012
75015.000,0.344,-0.105,-0.980
75016.000,0.371,-0.085,-0.980
75017.000,0.273,-0.115,-0.991
75018.000,0.282,-0.115,-0.991
75019.000,0.282,-0.065,-0.927
75020.000,0.317,-0.125,-0.874
75021.000,0.282,-0.075,-0.832
75022.000,0.308,-0.085,-0.800
75023.000,0.264,0.005,-0.864
75024.000,0.317,-0.035,-0.864
75025.000,0.344,-0.065,-0.800
75026.000,0.362,-0.085,-0.726
75027.000,0.407,-0.065,-0.747
75028.000,0.344,-0.115,-0.747
75029.000,0.362,-0.045,-0.684
75030.000,0.255,-0.035,-0.652
75031.000,0.344,0.005,-0.578
75032.000,0.371,0.114,-0.557
75033.000,0.389,0.075,-0.525
75034.000,0.389,0.174,-0.557
75035.000,0.353,0.234,-0.462
75036.000,0.425,0.124,-0.504
75037.000,0.398,0.164,-0.387
75038.000,0.416,0.194,-0.409
75039.000,0.398,0.304,-0.419
75040.000,0.461,0.324,-0.387
75041.000,0.479,0.344,-0.345
75042.000,0.515,0.404,-0.282
75043.000,0.587,0.513,-0.292
75044.000,0.569,0.523,-0.229
75045.000,0.542,0.563,-0.324
75046.000,0.569,0.573,-0.218
75047.000,0.623,0.523,-0.207
75048.000,0.569,0.533,-0.303
75049.000,0.479,0.463,-0.229
75050.000,0.479,0.384,-0.271
75051.000,0.425,0.324,-0.303
75052.000,0.326,0.294,-0.292
75053.000,0.317,0.284,-0.123
75054.000,0.237,0.254,-0.165
75055.000,0.201,0.284,-0.345
75056.000,0.246,0.244,-0.345
75057.000,0.264,0.374,-0.282
75058.000,0.273,0.364,-0.324
75059.000,0.237,0.324,-0.377
75060.000,0.237,0.284,-0.324
75061.000,0.290,0.234,-0.387
75062.000,0.398,0.214,-0.409
75063.000,0.407,0.134,-0.462
75064.000,0.434,-0.025,-0.525
75065.000,0.398,-0.045,-0.493
75066.000,0.407,-0.115,-0.599
75067.000,0.461,0.094,-0.726
75068.000,0.488,0.154,-0.980
75069.000,0.497,-0.055,-1.192
75070.000,0.416,-0.165,-1.150
75071.000,0.380,-0.414,-1.118
75072.000,0.452,-0.314,-1.086
75073.000,0.443,-0.304,-1.171
75074.000,0.326,-0.274,-1.266
75075.000,0.299,-0.264,-1.393
75076.000,0.299,-0.125,-1.446
75077.000,0.326,-0.115,-1.425
75078.000,0.416,-0.135,-1.446
75079.000,0.569,-0.075,-1.319
75080.000,0.506,-0.125,-1.414
75081.000,0.533,-0.135,-1.361
75082.000,0.569,-0.155,-1.446
75083.000,0.695,-0.055,-1.467
75084.000,0.650,-0.085,-1.510
75085.000,0.713,-0.155,-1.520
75086.000,0.695,-0.085,-1.478
75087.000,0.811,-0.105,-1.488
75088.000,0.739,-0.115,-1.425
75089.000,0.748,-0.364,-1.488
75090.000,0.739,-0.344,-1.404
75091.000,0.748,-0.354,-1.425
75092.000,0.695,-0.234,-1.372
75093.000,0.605,-0.284,-1.372
75094.000,0.731,-0.294,-1.330
75095.000,0.731,-0.274,-1.266
75096.000,0.748,-0.314,-1.393
75097.000,0.731,-0.354,-1.510
75098.000,0.695,-0.284,-1.668
75099.000,0.677,-0.334,-1.563
75100.000,0.587,-0.324,-1.488
75101.000,0.704,-0.304,-1.584
75102.000,0.704,-0.294,-1.563
75103.000,0.623,-0.294,-1.626
75104.000,0.677,-0.115,-1.615
75105.000,0.659,-0.573,-1.277
75106.000,0.605,-0.165,-1.457
75107.000,0.659,-0.225,-1.414
75108.000,0.731,-0.175,-1.467
75109.000,0.686,-0.075,-1.510
75110.000,0.623,0.104,-1.499
75111.000,0.560,0.005,-1.488
75112.000,0.515,-0.274,-1.308
75113.000,0.596,-0.324,-0.991
75114.000,0.578,-0.524,-0.790
75115.000,0.748,-0.593,-0.896
75116.000,0.578,-0.494,-0.980
75117.000,0.515,-0.384,-1.224
75118.000,0.264,-0.314,-1.436
75119.000,0.255,-0.284,-1.277
75120.000,0.237,-0.065,-1.224
75121.000,0.201,-0.035,-1.023
75122.000,0.210,-0.185,-0.843
75123.000,0.120,-0.105,-0.864
75124.000,0.147,-0.135,-0.917
75125.000,-0.096,-0.045,-1.023
75126.000,-0.024,0.005,-1.118
75127.000,-0.060,0.055,-1.086
75128.000,-0.114,0.035,-0.917
75129.000,0.021,-0.045,-0.906
75130.000,-0.006,-0.055,-0.832
75131.000,-0.114,0.065,-0.906
75132.000,-0.123,0.005,-0.874
75133.000,-0.078,0.005,-0.864
75134.000,-0.060,0.055,-0.800
75135.000,-0.051,0.025,-0.853
75136.000,0.030,0.015,-0.758
75137.000,0.066,0.065,-0.737
75138.000,0.057,0.015,-0.843
75139.000,0.066,0.085,-0.758
75140.000,0.138,0.075,-0.769
75141.000,0.138,0.075,-0.779
75142.000,0.129,0.085,-0.790
75143.000,0.120,0.124,-0.790
75144.000,0.120,0.154,-0.779
75145.000,0.138,0.174,-0.769
75146.000,0.120,0.194,-0.747
75147.000,0.075,0.144,-0.747
75148.000,0.102,0.124,-0.684
75149.000,0.120,0.104,-0.705
75150.000,0.165,0.085,-0.716
75151.000,0.156,0.055,-0.716
75152.000,0.129,0.094,-0.832
75153.000,0.183,0.104,-0.832
75154.000,0.201,0.104,-0.737
75155.000,0.237,0.164,-0.832
75156.000,0.183,0.104,-0.843
75157.000,0.192,0.114,-0.843
75158.000,0.210,0.065,-0.853
75159.000,0.201,0.015,-0.874
75160.000,0.264,0.055,-0.917
75161.000,0.246,0.025,-0.896
75162.000,0.299,0.025,-0.927
75163.000,0.326,0.005,-0.896
75164.000,0.282,-0.075,-0.906
75165.000,0.290,-0.065,-0.949
75166.000,0.255,-0.135,-0.906
75167.000,0.290,-0.085,-0.917
75168.000,0.344,-0.234,-1.023
75169.000,0.434,-0.125,-1.054
75170.000,0.398,-0.115,-0.970
75171.000,0.443,-0.105,-1.097
75172.000,0.515,-0.115,-1.107
75173.000,0.578,-0.175,-1.160
75174.000,0.605,-0.115,-1.139
75175.000,0.641,-0.085,-1.150
75176.000,0.578,-0.185,-1.139
75177.000,0.569,-0.085,-1.256
75178.000,0.713,-0.105,-1.234
75179.000,0.731,-0.115,-1.245
75180.000,0.686,-0.075,-1.330
75181.000,0.731,-0.095,-1.319
75182.000,0.766,-0.135,-1.372
75183.000,0.784,-0.165,-1.372
75184.000,0.811,-0.244,-1.330
75185.000,0.757,-0.225,-1.478
75186.000,0.686,-0.274,-1.541
75187.000,0.695,-0.294,-1.563
75188.000,0.569,-0.324,-1.414
75189.000,0.668,-0.314,-1.383
75190.000,0.641,-0.324,-1.573
75191.000,0.506,-0.384,-1.626
75192.000,0.605,-0.314,-1.573
75193.000,0.578,-0.384,-1.446
75194.000,0.587,-0.494,-1.531
75195.000,0.677,-0.444,-1.457
75196.000,0.650,-0.424,-1.531
75197.000,0.569,-0.414,-1.615
75198.000,0.659,-0.324,-1.690
75199.000,0.641,-0.354,-1.552
75200.000,0.605,-0.364,-1.478
75201.000,0.587,-0.344,-1.467
75202.000,0.623,-0.444,-1.425
75203.000,0.605,-0.374,-1.436
75204.000,0.569,-0.155,-1.573
75205.000,0.596,-0.005,-1.615
75206.000,0.542,0.085,-1.647
75207.000,0.488,0.075,-1.594
75208.000,0.488,0.045,-1.383
75209.000,0.506,-0.095,-1.086
75210.000,0.551,-0.314,-1.277
75211.000,0.497,-0.284,-1.287
75212.000,0.542,-0.324,-1.372
75213.000,0.506,-0.244,-1.414
75214.000,0.416,-0.155,-1.383
75215.000,0.416,-0.055,-1.308
75216.000,0.425,-0.075,-1.107
75217.000,0.362,-0.155,-1.160
75218.000,0.452,-0.005,-1.023
75219.000,0.506,0.025,-1.023
75220.000,0.560,-0.155,-1.139
75221.000,0.470,-0.005,-1.065
75222.000,0.452,-0.135,-1.076
75223.000,0.533,-0.215,-0.896
75224.000,0.542,-0.155,-0.853
75225.000,0.506,-0.215,-0.832
75226.000,0.488,-0.215,-0.811
75227.000,0.452,-0.225,-0.832
75228.000,0.398,-0.095,-0.800
75229.000,0.362,-0.055,-0.980
75230.000,0.389,0.055,-0.885
75231.000,0.389,0.184,-0.843
75232.000,0.344,0.194,-0.864
75233.000,0.282,0.294,-0.896
75234.000,0.416,0.354,-0.800
75235.000,0.461,0.294,-0.864
75236.000,0.470,0.334,-0.800
75237.000,0.488,0.244,-0.790
75238.000,0.461,0.194,-0.800
75239.000,0.398,0.174,-0.726
75240.000,0.317,0.214,-0.747
75241.000,0.344,0.194,-0.779
75242.000,0.282,0.164,-0.716
75243.000,0.192,0.144,-0.642
75244.000,0.174,0.154,-0.705
75245.000,0.183,0.164,-0.726
75246.000,0.156,0.204,-0.747
75247.000,0.174,0.094,-0.726
75248.000,0.255,0.094,-0.747
75249.000,0.219,0.005,-0.737
75250.000,0.165,-0.075,-0.779
75251.000,0.156,0.025,-0.811
75252.000,0.111,0.015,-0.811
75253.000,0.192,0.035,-0.747
75254.000,0.183,-0.085,-0.906
75255.000,0.147,-0.155,-0.917
75256.000,0.021,-0.135,-0.970
75257.000,0.093,-0.155,-0.790
75258.000,0.174,-0.205,-0.705
75259.000,0.165,-0.284,-1.001
75260.000,0.165,-0.384,-1.086
75261.000,0.246,-0.414,-1.213
75262.000,0.326,-0.394,-1.308
75263.000,0.264,-0.264,-1.340
75264.000,0.129,-0.115,-1.446
75265.000,0.066,0.124,-1.552
75266.000,0.084,0.055,-1.499
75267.000,0.174,-0.015,-1.319
75268.000,0.192,-0.025,-1.457
75269.000,0.264,0.045,-1.721
75270.000,0.290,-0.015,-1.827
75271.000,0.192,-0.095,-1.795
75272.000,0.282,-0.115,-1.594
75273.000,0.299,-0.145,-1.383
75274.000,0.228,-0.205,-1.351
75275.000,0.237,-0.165,-1.361
75276.000,0.237,-0.185,-1.393
75277.000,0.228,-0.225,-1.446
75278.000,0.282,-0.115,-1.404
75279.000,0.264,0.025,-1.372
75280.000,0.246,-0.045,-1.393
75281.000,0.273,-0.045,-1.361
75282.000,0.326,-0.254,-1.213
75283.000,0.308,-0.454,-1.203
75284.000,0.335,-0.583,-1.319
75285.000,0.335,-0.563,-1.361
75286.000,0.443,-0.354,-1.351
75287.000,0.371,-0.314,-1.541
75288.000,0.416,-0.254,-1.563
75289.000,0.353,-0.334,-1.467
75290.000,0.344,-0.234,-1.383
75291.000,0.389,-0.314,-1.457
75292.000,0.210,-0.294,-1.510
75293.000,0.246,-0.324,-1.436
75294.000,0.156,-0.354,-1.224
75295.000,0.165,-0.474,-1.298
75296.000,0.219,-0.524,-1.308
75297.000,0.228,-0.563,-1.436
75298.000,0.371,-0.354,-1.499
75299.000,0.246,-0.294,-1.520
75300.000,0.264,-0.125,-1.615
75301.000,0.308,-0.135,-1.626
75302.000,0.353,-0.135,-1.700
75303.000,0.488,0.005,-1.732
75304.000,0.416,0.035,-1.563
75305.000,0.416,-0.005,-1.510
75306.000,0.515,-0.105,-1.361
75307.000,0.542,-0.215,-1.171
75308.000,0.425,-0.314,-1.277
75309.000,0.416,-0.354,-1.054
75310.000,0.147,-0.065,-0.980
75311.000,0.165,-0.035,-0.980
75312.000,0.174,-0.045,-1.001
75313.000,0.165,-0.055,-1.023
75314.000,0.156,-0.045,-1.044
75315.000,0.246,-0.055,-0.938
75316.000,0.264,0.005,-0.949
75317.000,0.219,-0.025,-0.949
75318.000,0.246,0.005,-0.949
75319.000,0.192,-0.055,-0.885
75320.000,0.255,-0.005,-0.843
75321.000,0.264,-0.055,-0.716
75322.000,0.264,-0.075,-0.642
75323.000,0.255,-0.075,-0.642
75324.000,0.246,0.045,-0.673
75325.000,0.282,0.045,-0.790
75326.000,0.317,0.204,-0.642
75327.000,0.255,0.204,-0.747
75328.000,0.264,0.174,-0.927
75329.000,0.219,0.134,-0.970
75330.000,0.156,0.134,-1.033
75331.000,0.192,0.144,-0.885
75332.000,0.246,0.035,-0.885
75333.000,0.192,-0.015,-0.821
75334.000,0.165,-0.055,-0.684
75335.000,0.120,-0.085,-0.557
75336.000,0.075,-0.225,-0.504
75337.000,0.012,-0.145,-0.514
75338.000,0.111,-0.005,-0.663
75339.000,0.048,0.264,-0.716
75340.000,0.120,0.384,-0.747
75341.000,0.111,0.443,-0.779
75342.000,0.210,0.443,-0.853
75343.000,0.273,0.404,-0.758
75344.000,0.246,0.344,-0.694
75345.000,0.264,0.294,-0.705
75346.000,0.174,0.244,-0.694
75347.000,0.156,0.124,-0.589
75348.000,0.084,0.593,-0.758
75349.000,-0.060,0.404,-0.546
75350.000,0.012,0.433,-0.758
75351.000,-0.141,0.025,-0.673
75352.000,-0.239,0.304,-0.716
75353.000,-0.132,0.503,-0.779
75354.000,-0.114,0.324,-0.927
75355.000,-0.006,0.284,-1.150
75356.000,0.012,0.244,-1.224
75357.000,0.156,0.065,-1.107
75358.000,0.093,-0.045,-1.128
75359.000,0.165,0.085,-0.917
75360.000,0.165,0.045,-0.949
75361.000,0.246,-0.095,-1.065
75362.000,0.273,-0.603,-1.086
75363.000,0.398,-0.643,-0.980
75364.000,0.335,-0.773,-0.747
75365.000,0.371,-0.823,-0.758
75366.000,0.470,-0.723,-0.737
75367.000,0.425,-0.314,-0.980
75368.000,0.371,-0.205,-1.277
75369.000,0.398,-0.175,-1.499
75370.000,0.353,-0.205,-1.605
75371.000,0.335,-0.165,-1.584
75372.000,0.461,-0.225,-1.478
75373.000,0.308,-0.165,-1.510
75374.000,0.282,-0.274,-1.393
75375.000,0.228,-0.225,-1.414
75376.000,0.326,-0.364,-1.467
75377.000,0.290,-0.324,-1.383
75378.000,0.380,-0.394,-1.467
75379.000,0.353,-0.374,-1.404
75380.000,0.317,-0.414,-1.372
75381.000,0.335,-0.454,-1.393
75382.000,0.255,-0.364,-1.372
75383.000,0.326,-0.354,-1.488
75384.000,0.264,-0.344,-1.531
75385.000,0.290,-0.314,-1.499
75386.000,0.290,-0.374,-1.436
75387.000,0.273,-0.394,-1.446
75388.000,0.228,-0.374,-1.647
75389.000,0.335,-0.354,-1.510
75390.000,0.398,-0.314,-1.573
75391.000,0.425,-0.324,-1.637
75392.000,0.246,-0.304,-1.584
75393.000,0.219,-0.274,-1.478
75394.000,0.317,-0.304,-1.563
75395.000,0.290,-0.284,-1.605
75396.000,0.264,-0.254,-1.531
75397.000,0.273,-0.234,-1.383
75398.000,0.299,-0.344,-1.393
75399.000,0.380,-0.264,-1.340
75400.000,0.434,-0.234,-1.404
75401.000,0.362,-0.314,-1.351
75402.000,0.398,-0.244,-1.467
75403.000,0.479,-0.205,-1.372
75404.000,0.434,-0.135,-1.436
75405.000,0.443,-0.234,-1.488
75406.000,0.524,-0.175,-1.478
75407.000,0.434,-0.244,-1.404
75408.000,0.506,-0.234,-1.414
75409.000,0.470,-0.155,-1.383
75410.000,0.506,-0.095,-1.414
75411.000,0.479,-0.075,-1.372
75412.000,0.506,-0.095,-1.351
75413.000,0.452,-0.274,-1.330
75414.000,0.425,-0.195,-1.425
75415.000,0.452,-0.185,-1.393
75416.000,0.497,-0.185,-1.319
75417.000,0.479,-0.175,-1.467
75418.000,0.452,-0.075,-1.414
75419.000,0.389,-0.085,-1.319
75420.000,0.398,-0.035,-1.245
75421.000,0.416,-0.015,-1.372
75422.000,0.416,-0.055,-1.319
75423.000,0.425,-0.035,-1.340
75424.000,0.353,-0.035,-1.351
75425.000,0.389,-0.045,-1.361
75426.000,0.389,-0.145,-1.277
75427.000,0.398,-0.135,-1.266
75428.000,0.416,-0.185,-1.245
75429.000,0.380,-0.234,-1.308
75430.000,0.380,-0.264,-1.351
75431.000,0.371,-0.195,-1.393
75432.000,0.389,-0.254,-1.351
75433.000,0.407,-0.294,-1.446
75434.000,0.533,-0.254,-1.499
75435.000,0.524,-0.115,-1.531
75436.000,0.506,-0.115,-1.584
75437.000,0.551,-0.274,-1.520
75438.000,0.551,0.204,-1.764
75439.000,0.596,-0.364,-1.520
75440.000,0.578,-0.504,-1.467
75441.000,0.560,-0.374,-1.308
75442.000,0.596,-0.763,-1.298
75443.000,0.560,-0.304,-1.361
75444.000,0.506,-0.454,-1.457
75445.000,0.560,-0.414,-1.436
75446.000,0.713,-0.872,-1.467
75447.000,0.704,-0.424,-1.615
75448.000,0.713,-0.514,-1.647
75449.000,0.677,-0.474,-1.658
75450.000,0.641,-0.434,-1.690
75451.000,0.533,-0.374,-1.615
75452.000,0.470,-0.354,-1.647
75453.000,0.515,-0.354,-1.679
75454.000,0.416,-0.244,-1.690
75455.000,0.560,-0.593,-1.541
75456.000,0.578,-0.334,-1.732
75457.000,0.488,-0.374,-1.584
75458.000,0.488,-0.294,-1.520
75459.000,0.461,-0.374,-1.531
75460.000,0.524,-0.434,-1.541
75461.000,0.533,-0.364,-1.563
75462.000,0.264,0.473,-1.743
75463.000,0.560,-0.334,-1.499
75464.000,0.766,-0.534,-1.181
75465.000,0.614,-0.205,-1.266
75466.000,0.695,-0.284,-1.361
75467.000,0.802,-0.414,-1.287
75468.000,0.874,-0.384,-1.298
75469.000,0.722,-0.424,-1.308
75470.000,0.704,-0.314,-1.478
75471.000,0.650,-0.185,-1.594
75472.000,0.695,-0.125,-1.520
75473.000,0.668,-0.175,-1.573
75474.000,0.551,-0.185,-1.573
75475.000,0.425,-0.225,-1.573
75476.000,0.398,-0.244,-1.510
75477.000,0.470,-0.215,-1.457
75478.000,0.416,-0.195,-1.467
75479.000,0.416,-0.334,-1.351
75480.000,0.722,-0.414,-1.436
75481.000,0.739,-0.414,-1.436
75482.000,0.722,-0.344,-1.488
75483.000,0.973,-0.294,-1.266
75484.000,1.081,-0.354,-1.414
75485.000,0.874,-0.563,-1.541
75486.000,0.784,-0.464,-1.446
75487.000,0.820,-0.414,-1.467
75488.000,0.731,-0.414,-1.457
75489.000,0.722,-0.414,-1.467
75490.000,0.695,-0.354,-1.372
75491.000,0.695,-0.384,-1.425
75492.000,0.650,-0.294,-1.478
75493.000,0.623,-0.215,-1.446
75494.000,0.677,-0.195,-1.584
75495.000,0.713,-0.185,-1.552
75496.000,0.650,-0.234,-1.446
75497.000,0.605,-0.274,-1.446
75498.000,0.623,-0.284,-1.351
75499.000,0.686,-0.215,-1.383
75500.000,0.668,-0.195,-1.383
75501.000,0.614,-0.155,-1.372
75502.000,0.623,-0.274,-1.319
75503.000,0.677,-0.215,-1.351
75504.000,0.668,-0.155,-1.192
75505.000,0.704,-0.195,-1.319
75506.000,0.677,-0.175,-1.213
75507.000,0.784,-0.195,-1.203
75508.000,0.793,-0.254,-1.340
75509.000,0.820,-0.205,-1.287
75510.000,0.775,-0.234,-1.298
75511.000,0.748,-0.115,-1.351
75512.000,0.668,-0.195,-1.372
75513.000,0.695,-0.055,-1.256
75514.000,0.704,-0.115,-1.213
75515.000,0.713,-0.155,-1.224
75516.000,0.668,-0.125,-1.266
75517.000,0.695,-0.135,-1.256
75518.000,0.695,-0.095,-1.266
75519.000,0.713,-0.145,-1.266
75520.000,0.713,-0.075,-1.319
75521.000,0.766,-0.165,-1.287
75522.000,0.748,-0.115,-1.277
75523.000,0.748,-0.165,-1.224
75524.000,0.820,-0.145,-1.234
75525.000,0.757,-0.175,-1.171
75526.000,0.802,-0.264,-1.203
75527.000,0.677,-0.175,-1.298
75528.000,0.731,-0.115,-1.425
75529.000,0.641,-0.155,-1.372
75530.000,0.578,-0.135,-1.414
75531.000,0.632,-0.175,-1.330
75532.000,0.515,-0.125,-1.298
75533.000,0.578,-0.195,-1.171
75534.000,0.686,-0.145,-1.171
75535.000,0.739,-0.115,-1.150
75536.000,0.757,-0.075,-1.128
75537.000,0.659,-0.155,-1.266
75538.000,0.677,-0.195,-1.330
75539.000,0.641,-0.205,-1.266
75540.000,0.731,-0.115,-1.171
75541.000,0.820,-0.195,-1.150
75542.000,0.946,-0.215,-1.160
75543.000,0.946,-0.215,-1.203
75544.000,0.973,-0.175,-1.192
75545.000,0.901,-0.234,-1.203
75546.000,0.946,-0.234,-1.277
75547.000,0.829,-0.234,-1.340
75548.000,0.829,-0.225,-1.319
75549.000,0.811,-0.185,-1.372
75550.000,0.793,-0.215,-1.319
75551.000,0.793,-0.264,-1.308
75552.000,0.766,-0.165,-1.287
75553.000,0.793,-0.145,-1.319
75554.000,0.739,-0.205,-1.256
75555.000,0.641,-0.215,-1.308
75556.000,0.686,-0.205,-1.298
75557.000,0.686,-0.225,-1.298
75558.000,0.757,-0.244,-1.436
75559.000,0.766,-0.254,-1.404
75560.000,0.829,-0.264,-1.383
75561.000,0.838,-0.264,-1.393
75562.000,0.766,-0.264,-1.361
75563.000,0.820,-0.274,-1.340
75564.000,0.757,-0.225,-1.351
75565.000,0.766,-0.175,-1.330
75566.000,0.802,-0.195,-1.404
75567.000,0.811,-0.254,-1.383
75568.000,0.695,-0.215,-1.340
75569.000,0.704,-0.264,-1.351
75570.000,0.722,-0.254,-1.319
75571.000,0.748,-0.225,-1.245
75572.000,0.748,-0.215,-1.351
75573.000,0.811,-0.195,-1.277
75574.000,0.731,-0.145,-1.287
75575.000,0.748,-0.175,-1.340
75576.000,0.775,-0.175,-1.298
75577.000,0.793,-0.155,-1.277
75578.000,0.775,-0.115,-1.287
75579.000,0.757,-0.115,-1.224
75580.000,0.802,-0.125,-1.203
75581.000,0.731,-0.125,-1.224
75582.000,0.784,-0.155,-1.234
75583.000,0.766,-0.105,-1.234
75584.000,0.802,-0.155,-1.234
75585.000,0.748,-0.155,-1.256
75586.000,0.775,-0.125,-1.266
75587.000,0.802,-0.075,-1.224
75588.000,0.865,-0.015,-1.277
75589.000,0.784,-0.095,-1.330
75590.000,0.811,-0.015,-1.266
75591.000,0.793,-0.065,-1.266
75592.000,0.766,-0.085,-1.277
75593.000,0.739,-0.195,-1.298
75594.000,0.802,-0.145,-1.256
75595.000,0.856,-0.244,-1.319
75596.000,0.811,-0.234,-1.298
75597.000,0.731,-0.274,-1.287
75598.000,0.731,-0.244,-1.234
75599.000,0.641,-0.085,-1.287
75600.000,0.623,-0.185,-1.234
75601.000,0.686,-0.115,-1.372
75602.000,0.668,-0.225,-1.330
75603.000,0.739,-0.145,-1.277
75604.000,0.713,-0.205,-1.213
75605.000,0.641,-0.274,-1.139
75606.000,0.650,-0.234,-1.181
75607.000,0.668,-0.314,-1.160
75608.000,0.731,-0.354,-1.234
75609.000,0.739,-0.244,-1.234
75610.000,0.784,-0.304,-1.330
75611.000,0.731,-0.185,-1.308
75612.000,0.704,-0.155,-1.425
75613.000,0.695,-0.015,-1.414
75614.000,0.748,-0.045,-1.277
75615.000,0.775,-0.035,-1.266
75616.000,0.704,-0.045,-1.308
75617.000,0.766,-0.065,-1.203
75618.000,0.739,-0.135,-1.256
75619.000,0.784,-0.165,-1.287
75620.000,0.856,-0.115,-1.266
75621.000,0.865,-0.155,-1.287
75622.000,0.811,-0.195,-1.287
75623.000,0.847,-0.155,-1.266
75624.000,0.847,-0.205,-1.298
75625.000,0.775,-0.165,-1.234
75626.000,0.865,-0.175,-1.340
75627.000,0.883,-0.195,-1.330
75628.000,0.874,-0.185,-1.393
75629.000,0.892,-0.215,-1.361
75630.000,0.892,-0.215,-1.330
75631.000,0.901,-0.264,-1.404
75632.000,0.883,-0.205,-1.361
75633.000,0.883,-0.264,-1.351
75634.000,0.883,-0.354,-1.372
75635.000,0.928,-0.274,-1.414
75636.000,0.928,-0.324,-1.383
75637.000,0.946,-0.324,-1.425
75638.000,0.964,-0.374,-1.404
75639.000,0.955,-0.394,-1.393
75640.000,0.937,-0.334,-1.510
75641.000,0.955,-0.344,-1.510
75642.000,0.964,-0.274,-1.457
75643.000,0.865,-0.354,-1.552
75644.000,0.955,-0.364,-1.457
75645.000,0.874,-0.374,-1.488
75646.000,0.928,-0.364,-1.510
75647.000,0.991,-0.334,-1.520
75648.000,0.973,-0.274,-1.573
75649.000,0.991,-0.284,-1.446
75650.000,0.919,-0.274,-1.605
75651.000,0.910,-0.284,-1.584
75652.000,0.901,-0.304,-1.563
75653.000,0.919,-0.314,-1.541
75654.000,0.937,-0.314,-1.563
75655.000,0.946,-0.314,-1.573
75656.000,0.946,-0.334,-1.584
75657.000,0.892,-0.354,-1.531
75658.000,1.036,-0.284,-1.541
75659.000,0.928,-0.434,-1.488
75660.000,0.856,-0.414,-1.478
75661.000,0.910,-0.494,-1.478
75662.000,0.946,-0.454,-1.478
75663.000,0.856,-0.474,-1.488
75664.000,0.937,-0.494,-1.531
75665.000,1.099,-0.464,-1.393
75666.000,1.135,-0.494,-1.531
75667.000,1.135,-0.414,-1.467
75668.000,1.090,-0.354,-1.520
75669.000,1.063,-0.274,-1.541
75670.000,0.973,-0.314,-1.488
75671.000,1.009,-0.394,-1.425
75672.000,0.946,-0.314,-1.467
75673.000,1.000,-0.294,-1.531
75674.000,1.063,-0.304,-1.457
75675.000,1.054,-0.284,-1.563
75676.000,1.018,-0.354,-1.499
75677.000,1.009,-0.374,-1.510
75678.000,1.063,-0.354,-1.446
75679.000,1.000,-0.374,-1.467
75680.000,0.973,-0.354,-1.520
75681.000,0.964,-0.374,-1.510
75682.000,0.991,-0.394,-1.478
75683.000,0.973,-0.304,-1.467
75684.000,0.964,-0.334,-1.541
75685.000,0.964,-0.384,-1.531
75686.000,0.946,-0.284,-1.520
75687.000,0.964,-0.394,-1.520
75688.000,0.919,-0.374,-1.541
75689.000,1.000,-0.354,-1.510
75690.000,0.973,-0.374,-1.563
75691.000,1.009,-0.344,-1.594
75692.000,0.982,-0.414,-1.531
75693.000,1.000,-0.404,-1.488
75694.000,0.973,-0.354,-1.425
75695.000,0.973,-0.304,-1.478
75696.000,0.982,-0.274,-1.499
75697.000,1.054,-0.324,-1.488
75698.000,1.054,-0.244,-1.510
75699.000,1.000,-0.374,-1.510
75700.000,1.009,-0.404,-1.436
75701.000,1.027,-0.374,-1.478
75702.000,1.018,-0.354,-1.446
75703.000,1.063,-0.334,-1.488
75704.000,1.045,-0.304,-1.499
75705.000,0.991,-0.274,-1.478
75706.000,0.991,-0.304,-1.457
75707.000,0.964,-0.284,-1.446
75708.000,0.964,-0.304,-1.414
75709.000,0.946,-0.314,-1.446
75710.000,0.928,-0.324,-1.446
75711.000,0.919,-0.254,-1.436
75712.000,0.901,-0.314,-1.436
75713.000,0.901,-0.354,-1.414
75714.000,1.009,-0.304,-1.467
75715.000,1.000,-0.254,-1.436
75716.000,1.036,-0.254,-1.351
75717.000,1.027,-0.314,-1.393
75718.000,0.982,-0.304,-1.457
75719.000,1.045,-0.314,-1.308
75720.000,1.045,-0.354,-1.425
75721.000,0.973,-0.304,-1.436
75722.000,1.054,-0.354,-1.393
75723.000,1.135,-0.254,-1.436
75724.000,1.054,-0.225,-1.425
75725.000,1.027,-0.304,-1.361
75726.000,1.036,-0.314,-1.372
75727.000,1.063,-0.244,-1.383
75728.000,1.081,-0.244,-1.361
75729.000,1.009,-0.334,-1.425
75730.000,0.901,-0.394,-1.467
75731.000,0.928,-0.374,-1.361
75732.000,0.847,-0.424,-1.277
75733.000,0.928,-0.474,-1.266
75734.000,0.973,-0.354,-1.308
75735.000,0.901,-0.324,-1.192
75736.000,0.982,-0.314,-1.224
75737.000,1.099,-0.234,-1.256
75738.000,1.036,-0.125,-1.245
75739.000,1.018,0.035,-1.340
75740.000,1.000,0.045,-1.467
75741.000,0.937,0.104,-1.478
75742.000,0.928,-0.005,-1.361
75743.000,0.856,-0.035,-1.213
75744.000,0.757,-0.005,-1.266
75745.000,0.695,-0.095,-1.404
75746.000,0.695,-0.035,-1.308
75747.000,0.623,-0.015,-1.351
75748.000,0.704,-0.055,-1.393
75749.000,0.722,-0.065,-1.319
75750.000,0.820,-0.035,-1.351
75751.000,0.874,-0.205,-1.351
75752.000,0.748,-0.175,-1.372
75753.000,0.865,-0.135,-1.340
75754.000,0.874,-0.215,-1.128
75755.000,0.802,0.005,-1.086
75756.000,0.713,-0.264,-1.139
75757.000,1.000,0.164,-1.372
75758.000,0.793,-0.195,-1.245
75759.000,0.874,0.075,-1.298
75760.000,0.587,-0.225,-1.203
75761.000,0.784,-0.025,-1.361
75762.000,0.892,-0.185,-1.266
75763.000,0.829,-0.264,-1.150
75764.000,0.766,-0.234,-1.097
75765.000,0.874,-0.185,-1.044
75766.000,0.892,-0.354,-1.139
75767.000,0.811,-0.244,-1.128
75768.000,0.722,-0.215,-1.139
75769.000,0.811,-0.155,-1.097
75770.000,0.686,-0.095,-1.097
75771.000,0.704,-0.035,-1.097
75772.000,0.713,-0.155,-1.150
75773.000,0.659,-0.175,-1.107
75774.000,0.587,-0.155,-1.012
75775.000,0.587,-0.115,-0.970
75776.000,0.623,-0.075,-0.970
75777.000,0.578,-0.045,-1.012
75778.000,0.551,-0.075,-1.001
75779.000,0.587,-0.085,-0.980
75780.000,0.515,-0.025,-0.959
75781.000,0.524,-0.025,-1.012
75782.000,0.506,-0.015,-0.949
75783.000,0.488,-0.015,-0.970
75784.000,0.524,0.025,-0.874
75785.000,0.506,0.085,-0.885
75786.000,0.479,0.164,-0.885
75787.000,0.425,0.085,-0.896
75788.000,0.452,0.085,-0.906
75789.000,0.425,0.164,-0.843
75790.000,0.389,0.164,-0.874
75791.000,0.425,0.194,-0.800
75792.000,0.470,0.154,-0.790
75793.000,0.443,0.144,-0.758
75794.000,0.407,0.045,-0.705
75795.000,0.443,0.035,-0.737
75796.000,0.353,0.005,-0.747
75797.000,0.371,-0.035,-0.758
75798.000,0.389,-0.005,-0.779
75799.000,0.497,0.025,-0.821
75800.000,0.425,0.075,-0.716
75801.000,0.416,0.065,-0.769
75802.000,0.434,0.144,-0.769
75803.000,0.380,0.124,-0.779
75804.000,0.425,0.005,-0.811
75805.000,0.407,0.045,-0.800
75806.000,0.371,0.035,-0.758
75807.000,0.326,0.055,-0.758
75808.000,0.371,0.055,-0.737
75809.000,0.353,0.055,-0.716
75810.000,0.362,0.025,-0.726
75811.000,0.389,0.134,-0.737
75812.000,0.470,0.035,-0.737
75813.000,0.479,0.055,-0.716
75814.000,0.380,0.035,-0.684
75815.000,0.290,-0.025,-0.694
75816.000,0.353,0.055,-0.694
75817.000,0.353,-0.035,-0.684
75818.000,0.299,0.065,-0.673
75819.000,0.317,0.114,-0.673
75820.000,0.219,0.304,-0.610
75821.000,0.183,0.314,-0.642
75822.000,0.192,0.324,-0.673
75823.000,0.201,0.324,-0.684
75824.000,0.165,0.284,-0.663
75825.000,0.210,0.384,-0.546
75826.000,0.201,0.413,-0.536
75827.000,0.147,0.423,-0.514
75828.000,0.093,0.274,-0.419
75829.000,0.120,0.304,-0.430
75830.000,0.102,0.364,-0.673
75831.000,0.192,0.294,-0.758
75832.000,0.398,0.164,-0.906
75833.000,0.479,0.025,-1.107
75834.000,0.542,-0.085,-1.054
75835.000,0.569,-0.244,-0.970
75836.000,0.650,-0.165,-0.843
75837.000,0.757,-0.115,-0.726
75838.000,0.748,-0.045,-0.716
75839.000,0.856,-0.065,-0.853
75840.000,0.766,-0.115,-0.927
75841.000,0.892,-0.135,-0.949
75842.000,0.892,-0.055,-0.949
75843.000,0.838,-0.035,-0.970
75844.000,0.722,0.005,-0.927
75845.000,0.731,0.025,-0.853
75846.000,0.686,0.045,-0.949
75847.000,0.632,0.045,-0.917
75848.000,0.650,0.045,-0.917
75849.000,0.614,0.005,-1.001
75850.000,0.623,-0.035,-1.097
75851.000,0.668,0.144,-1.086
75852.000,0.722,0.104,-1.065
75853.000,0.686,0.005,-1.023
75854.000,0.713,-0.005,-0.874
75855.000,0.748,0.005,-0.970
75856.000,0.686,0.005,-0.906
75857.000,0.775,-0.095,-0.949
75858.000,0.713,-0.045,-1.076
75859.000,0.695,-0.075,-1.107
75860.000,0.677,-0.165,-1.160
75861.000,0.695,-0.135,-1.181
75862.000,0.614,-0.075,-1.181
75863.000,0.632,0.025,-1.171
75864.000,0.533,-0.005,-1.245
75865.000,0.560,0.045,-1.181
75866.000,0.488,0.015,-1.213
75867.000,0.443,0.025,-1.160
75868.000,0.560,-0.135,-1.033
75869.000,0.605,-0.145,-1.139
75870.000,0.479,-0.254,-1.224
75871.000,0.775,-0.274,-1.012
75872.000,0.793,-0.314,-1.308
75873.000,0.713,-0.334,-1.128
75874.000,0.722,-0.264,-1.234
75875.000,0.587,-0.155,-1.213
75876.000,0.748,-0.085,-1.192
75877.000,0.641,-0.035,-1.150
75878.000,0.596,-0.075,-1.065
75879.000,0.614,-0.015,-1.097
75880.000,0.452,-0.065,-1.139
75881.000,0.677,-0.205,-1.160
75882.000,0.982,-0.055,-1.033
75883.000,1.144,0.045,-0.980
75884.000,1.206,0.124,-1.139
75885.000,1.027,0.085,-1.287
75886.000,1.117,0.065,-1.330
75887.000,1.009,-0.115,-1.097
75888.000,0.964,-0.105,-1.054
75889.000,1.018,-0.155,-0.991
75890.000,1.063,-0.244,-0.991
75891.000,1.126,-0.215,-0.938
75892.000,1.099,-0.234,-0.811
75893.000,1.188,-0.334,-0.874
75894.000,1.108,-0.394,-0.980
75895.000,1.099,-0.294,-1.054
75896.000,1.045,-0.135,-1.086
75897.000,1.090,-0.105,-1.023
75898.000,1.081,-0.105,-1.097
75899.000,0.946,-0.175,-1.192
75900.000,0.955,-0.115,-1.266
75901.000,0.964,0.005,-1.054
75902.000,0.883,0.045,-1.086
75903.000,0.964,0.134,-1.150
75904.000,0.964,0.104,-1.097
75905.000,0.883,0.055,-1.001
75906.000,0.802,0.015,-0.980
75907.000,0.784,-0.085,-0.885
75908.000,0.632,-0.075,-0.874
75909.000,0.668,0.045,-0.832
75910.000,0.551,0.104,-0.906
75911.000,0.659,0.085,-0.959
75912.000,0.596,0.085,-0.949
75913.000,0.704,0.015,-1.033
75914.000,0.713,0.134,-1.086
75915.000,0.793,-0.015,-1.023
75916.000,0.731,-0.145,-0.927
75917.000,0.775,0.025,-0.906
75918.000,0.784,-0.125,-0.853
75919.000,0.731,-0.065,-0.800
75920.000,0.713,-0.085,-0.864
75921.000,0.659,-0.075,-0.885
75922.000,0.515,-0.015,-0.949
75923.000,0.407,-0.015,-0.896
75924.000,0.407,0.085,-0.832
75925.000,0.407,0.045,-0.874
75926.000,0.443,0.114,-0.853
75927.000,0.506,0.164,-0.843
75928.000,0.452,-0.254,-0.843
75929.000,0.515,0.035,-0.917
75930.000,0.524,0.005,-0.874
75931.000,0.470,0.035,-0.917
75932.000,0.452,0.045,-0.917
75933.000,0.434,0.005,-0.885
75934.000,0.389,0.005,-0.821
75935.000,0.398,-0.045,-0.800
75936.000,0.344,0.045,-0.779
75937.000,0.344,0.055,-0.790
75938.000,0.308,0.015,-0.885
75939.000,0.290,0.055,-0.885
75940.000,0.273,0.025,-0.853
75941.000,0.183,0.065,-0.843
75942.000,0.201,0.085,-0.769
75943.000,0.165,0.065,-0.864
75944.000,0.192,0.015,-0.811
75945.000,0.299,0.094,-0.843
75946.000,0.174,0.045,-0.726
75947.000,0.246,0.094,-0.811
75948.000,0.156,0.114,-0.747
75949.000,0.174,0.045,-0.737
75950.000,0.201,0.065,-0.747
75951.000,0.192,0.035,-0.769
75952.000,0.246,0.045,-0.790
75953.000,0.264,0.035,-0.694
75954.000,0.273,0.035,-0.631
75955.000,0.290,0.075,-0.642
75956.000,0.335,0.114,-0.694
75957.000,0.353,0.005,-0.652
75958.000,0.380,0.035,-0.567
75959.000,0.389,0.104,-0.631
75960.000,0.362,0.114,-0.716
75961.000,0.425,0.114,-0.578
75962.000,0.461,0.114,-0.610
75963.000,0.452,0.174,-0.631
75964.000,0.434,0.194,-0.610
75965.000,0.425,0.244,-0.737
75966.000,0.434,0.174,-0.705
75967.000,0.461,0.234,-0.716
75968.000,0.425,0.194,-0.620
75969.000,0.560,0.224,-0.620
75970.000,0.488,0.174,-0.705
75971.000,0.461,0.174,-0.684
75972.000,0.497,0.144,-0.663
75973.000,0.479,0.234,-0.567
75974.000,0.515,0.134,-0.684
75975.000,0.416,0.164,-0.599
75976.000,0.380,0.114,-0.567
75977.000,0.380,0.055,-0.578
75978.000,0.434,0.114,-0.631
75979.000,0.488,0.085,-0.652
75980.000,0.407,0.114,-0.642
75981.000,0.425,0.134,-0.599
75982.000,0.470,0.134,-0.620
75983.000,0.389,0.124,-0.546
75984.000,0.335,0.154,-0.599
75985.000,0.344,0.144,-0.631
75986.000,0.264,0.144,-0.546
75987.000,0.219,0.164,-0.557
75988.000,0.237,0.134,-0.631
75989.000,0.317,0.224,-0.578
75990.000,0.371,0.094,-0.557
75991.000,0.371,0.085,-0.546
75992.000,0.353,0.114,-0.589
75993.000,0.470,0.085,-0.557
75994.000,0.461,0.075,-0.631
75995.000,0.407,0.085,-0.578
75996.000,0.479,0.124,-0.631
75997.000,0.461,0.154,-0.589
75998.000,0.461,0.164,-0.673
75999.000,0.461,0.104,-0.758
76000.000,0.389,0.134,-0.610
76001.000,0.461,0.055,-0.599
76002.000,0.443,0.104,-0.652
76003.000,0.470,0.104,-0.673
76004.000,0.497,0.075,-0.694
76005.000,0.461,0.085,-0.684
76006.000,0.497,0.075,-0.747
76007.000,0.497,0.094,-0.726
76008.000,0.443,0.035,-0.737
76009.000,0.542,-0.015,-0.726
76010.000,0.551,-0.005,-0.779
76011.000,0.578,0.025,-0.790
76012.000,0.560,-0.015,-0.853
76013.000,0.614,-0.005,-0.769
76014.000,0.605,0.015,-0.769
76015.000,0.650,-0.015,-0.769
76016.000,0.668,-0.035,-0.896
76017.000,0.650,-0.055,-0.821
76018.000,0.668,-0.065,-0.800
76019.000,0.650,-0.025,-0.853
76020.000,0.641,-0.015,-0.779
76021.000,0.650,0.065,-0.800
76022.000,0.739,-0.015,-0.737
76023.000,0.713,-0.045,-0.769
76024.000,0.704,-0.045,-0.769
76025.000,0.748,0.025,-0.758
76026.000,0.784,0.055,-0.843
76027.000,0.722,0.045,-0.779
76028.000,0.775,0.094,-0.927
76029.000,0.766,0.114,-0.949
76030.000,0.784,0.164,-0.906
76031.000,0.731,0.164,-0.938
76032.000,0.704,0.104,-0.864
76033.000,0.739,0.164,-0.832
76034.000,0.713,0.174,-0.832
76035.000,0.731,0.144,-0.800
76036.000,0.757,0.114,-0.800
76037.000,0.704,0.134,-0.769
76038.000,0.784,0.015,-0.790
76039.000,0.748,0.085,-0.811
76040.000,0.704,0.035,-0.874
76041.000,0.739,0.045,-0.885
76042.000,0.748,0.025,-0.874
76043.000,0.713,0.114,-0.896
76044.000,0.713,0.144,-0.906
76045.000,0.713,0.065,-0.917
76046.000,0.677,0.065,-0.938
76047.000,0.704,0.124,-0.938
76048.000,0.731,0.094,-0.885
76049.000,0.650,0.035,-0.938
76050.000,0.704,0.075,-0.906
76051.000,0.659,0.015,-0.906
76052.000,0.668,0.025,-0.811
76053.000,0.775,0.094,-0.853
76054.000,0.731,0.005,-0.917
76055.000,0.695,-0.025,-0.843
76056.000,0.713,-0.025,-0.896
76057.000,0.686,-0.045,-0.906
76058.000,0.677,0.045,-0.917
76059.000,0.704,0.055,-0.917
76060.000,0.695,0.015,-0.906
76061.000,0.695,-0.015,-0.959
76062.000,0.641,-0.015,-0.885
76063.000,0.668,-0.115,-0.906
76064.000,0.632,-0.145,-0.821
76065.000,0.605,-0.005,-0.885
76066.000,0.605,0.025,-0.906
76067.000,0.506,-0.015,-0.906
76068.000,0.506,-0.055,-0.885
76069.000,0.515,-0.075,-0.811
76070.000,0.587,-0.045,-0.769
76071.000,0.650,-0.025,-0.779
76072.000,0.659,0.075,-0.832
76073.000,0.677,0.104,-0.906
76074.000,0.587,0.045,-0.949
76075.000,0.524,0.094,-0.896
76076.000,0.452,0.055,-0.906
76077.000,0.461,-0.045,-0.853
76078.000,0.362,0.045,-0.864
76079.000,0.335,0.005,-0.885
76080.000,0.273,0.035,-0.896
76081.000,0.362,-0.025,-0.906
76082.000,0.380,-0.005,-0.896
76083.000,0.398,0.035,-1.001
76084.000,0.470,-0.015,-0.843
76085.000,0.380,-0.025,-0.927
76086.000,0.443,0.005,-1.023
76087.000,0.407,0.005,-0.906
76088.000,0.434,0.055,-0.843
76089.000,0.443,-0.035,-0.811
76090.000,0.443,-0.005,-0.874
76091.000,0.335,-0.015,-0.885
76092.000,0.317,-0.035,-0.843
76093.000,0.308,-0.015,-0.938
76094.000,0.326,0.025,-0.832
76095.000,0.407,-0.005,-0.874
76096.000,0.362,-0.055,-0.800
76097.000,0.362,0.005,-0.853
76098.000,0.335,0.005,-0.800
76099.000,0.362,0.055,-0.843
76100.000,0.380,-0.035,-0.885
76101.000,0.434,0.015,-0.906
76102.000,0.443,0.035,-0.821
76103.000,0.398,0.085,-0.885
76104.000,0.407,0.065,-0.843
76105.000,0.398,0.035,-0.747
76106.000,0.362,0.104,-0.800
76107.000,0.434,0.055,-0.843
76108.000,0.434,0.035,-0.821
76109.000,0.371,0.085,-0.843
76110.000,0.425,0.094,-0.769
76111.000,0.443,0.045,-0.821
76112.000,0.470,0.005,-0.800
76113.000,0.497,0.075,-0.747
76114.000,0.623,-0.055,-0.758
76115.000,0.542,0.015,-0.821
76116.000,0.542,0.025,-0.769
76117.000,0.497,0.085,-0.758
76118.000,0.533,0.035,-0.737
76119.000,0.551,0.114,-0.737
76120.000,0.542,0.045,-0.673
76121.000,0.560,0.104,-0.737
76122.000,0.497,0.124,-0.747
76123.000,0.605,0.214,-0.663
76124.000,0.560,0.224,-0.694
76125.000,0.542,0.194,-0.726
76126.000,0.587,0.194,-0.758
76127.000,0.497,0.164,-0.779
76128.000,0.506,0.144,-0.726
76129.000,0.542,0.164,-0.790
76130.000,0.479,0.094,-0.694
76131.000,0.551,0.045,-0.737
76132.000,0.524,0.085,-0.663
76133.000,0.461,0.085,-0.716
76134.000,0.515,0.075,-0.684
76135.000,0.542,0.075,-0.705
76136.000,0.551,0.085,-0.684
76137.000,0.569,0.164,-0.631
76138.000,0.560,0.124,-0.631
76139.000,0.515,0.194,-0.694
76140.000,0.479,0.114,-0.694
76141.000,0.515,0.194,-0.694
76142.000,0.389,0.114,-0.747
76143.000,0.434,0.055,-0.716
76144.000,0.425,0.094,-0.673
76145.000,0.443,0.124,-0.642
76146.000,0.452,0.194,-0.663
76147.000,0.416,0.174,-0.652
76148.000,0.452,0.124,-0.673
76149.000,0.461,0.124,-0.642
76150.000,0.389,0.124,-0.684
76151.000,0.380,0.154,-0.684
76152.000,0.479,0.164,-0.642
76153.000,0.488,0.164,-0.652
76154.000,0.497,0.114,-0.642
76155.000,0.479,0.134,-0.663
76156.000,0.470,0.104,-0.673
76157.000,0.434,0.134,-0.716
76158.000,0.479,0.124,-0.726
76159.000,0.461,0.124,-0.705
76160.000,0.533,0.045,-0.716
76161.000,0.515,0.085,-0.737
76162.000,0.515,0.114,-0.726
76163.000,0.515,0.154,-0.737
76164.000,0.506,0.164,-0.737
76165.000,0.506,0.184,-0.747
76166.000,0.515,0.164,-0.747
76167.000,0.497,0.045,-0.663
76168.000,0.542,0.124,-0.652
76169.000,0.560,0.025,-0.758
76170.000,0.497,0.094,-0.747
76171.000,0.479,0.085,-0.779
76172.000,0.569,0.025,-0.716
76173.000,0.542,0.065,-0.737
76174.000,0.569,0.104,-0.747
76175.000,0.533,0.085,-0.779
76176.000,0.524,0.124,-0.716
76177.000,0.470,0.055,-0.779
76178.000,0.542,0.104,-0.747
76179.000,0.596,0.154,-0.705
76180.000,0.587,0.075,-0.694
76181.000,0.533,0.094,-0.737
76182.000,0.596,0.075,-0.694
76183.000,0.506,0.055,-0.673
76184.000,0.542,0.085,-0.779
76185.000,0.515,0.114,-0.663
76186.000,0.569,0.134,-0.642
76187.000,0.551,0.045,-0.631
76188.000,0.524,0.124,-0.716
76189.000,0.461,0.174,-0.673
76190.000,0.461,0.224,-0.610
76191.000,0.461,0.085,-0.874
76192.000,0.515,0.055,-0.843
76193.000,0.524,0.025,-0.694
76194.000,0.533,0.075,-0.589
76195.000,0.542,0.114,-0.652
76196.000,0.506,0.045,-0.716
76197.000,0.524,0.055,-0.737
76198.000,0.515,0.045,-0.758
76199.000,0.533,0.045,-0.726
76200.000,0.515,0.134,-0.716
76201.000,0.506,0.094,-0.716
76202.000,0.434,0.075,-0.652
76203.000,0.434,0.085,-0.705
76204.000,0.443,0.184,-0.737
76205.000,0.434,0.065,-0.811
76206.000,0.506,0.085,-0.726
76207.000,0.434,0.094,-0.631
76208.000,0.398,0.065,-0.726
76209.000,0.425,0.124,-0.747
76210.000,0.416,0.184,-0.779
76211.000,0.488,0.164,-0.843
76212.000,0.470,0.025,-0.737
76213.000,0.551,0.015,-0.747
76214.000,0.542,0.045,-0.684
76215.000,0.524,0.094,-0.716
76216.000,0.488,0.104,-0.737
76217.000,0.470,0.124,-0.673
76218.000,0.560,0.104,-0.737
76219.000,0.506,0.045,-0.737
76220.000,0.497,0.065,-0.769
76221.000,0.362,0.045,-0.790
76222.000,0.506,0.055,-0.726
76223.000,0.416,0.114,-0.663
76224.000,0.398,0.035,-0.673
76225.000,0.290,0.015,-0.726
76226.000,0.344,0.094,-0.705
76227.000,0.308,0.085,-0.737
76228.000,0.407,0.005,-0.779
76229.000,0.317,0.134,-0.769
76230.000,0.353,0.045,-0.673
76231.000,0.362,0.025,-0.758
76232.000,0.362,0.085,-0.864
76233.000,0.434,0.035,-0.790
76234.000,0.282,0.164,-0.673
76235.000,0.515,0.045,-0.652
76236.000,0.506,0.065,-0.694
76237.000,0.407,0.094,-0.716
76238.000,0.416,0.144,-0.769
76239.000,0.479,0.144,-0.790
76240.000,0.497,0.124,-0.747
76241.000,0.416,0.075,-0.716
76242.000,0.461,0.114,-0.737
76243.000,0.479,0.045,-0.716
76244.000,0.425,0.045,-0.716
76245.000,0.416,0.015,-0.769
76246.000,0.461,0.045,-0.790
76247.000,0.452,0.085,-0.737
76248.000,0.506,0.124,-0.694
76249.000,0.524,0.055,-0.790
76250.000,0.524,0.124,-0.832
76251.000,0.470,0.154,-0.769
76252.000,0.524,0.144,-0.758
76253.000,0.551,0.124,-0.790
76254.000,0.479,0.075,-0.737
76255.000,0.488,0.025,-0.747
76256.000,0.479,0.015,-0.747
76257.000,0.488,-0.005,-0.737
76258.000,0.506,0.035,-0.800
76259.000,0.551,0.055,-0.800
76260.000,0.632,0.045,-0.811
76261.000,0.686,0.134,-0.779
76262.000,0.506,0.433,-0.356
76263.000,0.722,0.204,-0.271
76264.000,0.686,0.334,-0.525
76265.000,0.695,0.653,-1.023
76266.000,0.632,0.364,-0.472
76267.000,0.488,0.134,-0.790
76268.000,0.165,0.065,-0.938
76269.000,0.111,-0.384,-1.139
76270.000,0.632,-0.544,-1.086
76271.000,0.695,-0.175,-1.224
76272.000,0.623,0.025,-0.874
76273.000,0.093,-0.015,-0.483
76274.000,-0.132,-0.105,-0.980
76275.000,0.102,-0.085,-0.504
76276.000,0.434,0.104,-0.155
76277.000,0.326,0.304,-0.811
76278.000,0.497,0.304,-0.832
76279.000,0.587,0.194,-0.821
76280.000,0.766,-0.145,-1.076
76281.000,0.811,-0.075,-0.599
76282.000,0.811,0.045,-0.557
76283.000,0.704,0.324,-0.631
76284.000,0.731,0.264,-0.790
76285.000,0.775,0.234,-0.970
76286.000,0.802,0.015,-1.128
76287.000,0.623,-0.015,-1.033
76288.000,0.596,-0.135,-0.896
76289.000,0.686,-0.205,-0.758
76290.000,0.820,-0.075,-0.652
76291.000,0.668,-0.035,-0.525
76292.000,0.497,0.045,-0.387
76293.000,0.174,0.354,-0.790
76294.000,0.102,0.304,-0.949
76295.000,0.228,0.214,-1.001
76296.000,0.488,-0.065,-0.970
76297.000,0.739,-0.155,-0.769
76298.000,0.838,-0.234,-0.705
76299.000,0.874,-0.175,-0.694
76300.000,0.739,0.035,-0.673
76301.000,0.443,0.164,-0.599
76302.000,0.416,0.114,-0.917
76303.000,0.416,0.194,-0.843
76304.000,0.452,0.085,-0.970
76305.000,0.569,0.094,-0.853
76306.000,0.650,0.075,-0.758
76307.000,0.659,-0.065,-0.705
76308.000,0.524,0.015,-0.663
76309.000,0.506,0.114,-0.694
76310.000,0.524,0.055,-0.800
76311.000,0.506,0.045,-0.853
76312.000,0.515,0.055,-0.821
76313.000,0.524,0.045,-0.864
76314.000,0.461,0.104,-0.610
76315.000,0.353,0.214,-0.726
76316.000,0.434,0.304,-0.684
76317.000,0.506,0.463,-0.758
76318.000,0.515,0.463,-0.811
76319.000,0.425,0.025,-0.959
76320.000,0.775,-0.254,-1.319
76321.000,1.108,-0.085,-0.663
76322.000,0.856,-0.065,-0.260
76323.000,0.605,-0.155,-0.462
76324.000,0.470,-0.234,-0.387
76325.000,0.308,-0.394,-0.525
76326.000,0.228,-0.364,-0.398
76327.000,0.282,-0.294,-0.525
76328.000,0.308,-0.015,-0.705
76329.000,0.219,0.274,-0.970
76330.000,0.290,0.035,-0.313
76331.000,0.299,0.035,-0.334
76332.000,0.317,0.035,-0.345
76333.000,0.317,0.025,-0.345
76334.000,0.335,0.035,-0.377
76335.000,0.416,0.075,-0.324
76336.000,0.353,0.015,-0.239
76337.000,0.344,0.085,-0.239
76338.000,0.228,0.065,-0.303
76339.000,0.353,0.214,-0.387
76340.000,0.362,0.055,-0.356
76341.000,0.380,0.144,-0.313
76342.000,0.389,0.224,-0.176
76343.000,0.362,0.264,0.089
76344.000,0.380,0.334,-0.123
76345.000,0.353,0.443,-0.557
76346.000,0.344,0.443,-0.716
76347.000,0.299,0.413,-0.642
76348.000,0.299,0.264,-0.356
76349.000,0.282,0.194,-0.218
76350.000,0.326,0.154,-0.239
76351.000,0.407,0.234,0.068
76352.000,0.551,0.423,0.121
76353.000,0.461,0.603,0.216
76354.000,0.398,0.413,-0.112
76355.000,0.416,0.443,-0.282
76356.000,0.353,0.683,-0.070
76357.000,0.066,0.653,-0.207
76358.000,-0.078,0.413,-0.419
76359.000,-0.006,0.314,-0.525
76360.000,0.075,0.244,-0.292
76361.000,0.120,0.124,-0.250
76362.000,0.255,0.045,-0.186
76363.000,0.219,-0.045,-0.123
76364.000,0.210,-0.035,-0.207
76365.000,0.282,0.075,-0.165
76366.000,0.273,0.264,-0.313
76367.000,0.228,0.164,-0.462
76368.000,0.138,0.104,-0.504
76369.000,0.264,0.144,-0.525
76370.000,0.255,0.114,-0.652
76371.000,0.246,0.164,-0.610
76372.000,0.488,-0.005,-0.694
76373.000,0.569,-0.035,-0.769
76374.000,0.569,-0.085,-0.779
76375.000,0.515,-0.135,-0.747
76376.000,0.596,-0.264,-0.705
76377.000,0.668,-0.185,-0.821
76378.000,0.659,-0.145,-0.885
76379.000,0.766,-0.125,-0.949
76380.000,0.784,-0.234,-0.832
76381.000,0.856,-0.284,-0.938
76382.000,0.883,-0.284,-0.652
76383.000,0.955,-0.294,-0.610
76384.000,0.955,-0.175,-0.673
76385.000,1.009,-0.075,-0.917
76386.000,0.892,0.144,-0.970
76387.000,0.766,0.344,-0.885
76388.000,0.748,0.523,-1.139
76389.000,0.731,0.533,-1.150
76390.000,0.704,0.334,-1.150
76391.000,0.686,0.184,-1.224
76392.000,0.757,0.194,-0.980
76393.000,0.838,0.204,-0.970
76394.000,0.838,0.094,-0.885
76395.000,0.919,0.075,-0.832
76396.000,0.919,0.085,-0.737
76397.000,0.964,0.045,-0.790
76398.000,0.991,-0.015,-0.758
76399.000,1.036,0.015,-0.737
76400.000,1.135,0.094,-0.705
76401.000,1.081,0.144,-0.684
76402.000,1.153,0.184,-0.642
76403.000,1.233,0.085,-0.758
76404.000,1.144,0.144,-0.853
76405.000,1.117,0.164,-0.843
76406.000,0.973,0.144,-0.885
76407.000,0.910,0.114,-0.874
76408.000,0.865,0.065,-0.790
76409.000,0.811,0.204,-0.853
76410.000,0.838,0.184,-0.896
76411.000,0.820,0.224,-1.097
76412.000,0.811,0.094,-1.044
76413.000,0.883,0.104,-0.980
76414.000,0.883,0.025,-0.938
76415.000,0.838,-0.055,-1.033
76416.000,0.820,-0.065,-1.001
76417.000,0.766,-0.095,-0.906
76418.000,0.775,-0.065,-0.949
76419.000,0.811,-0.145,-0.938
76420.000,0.856,-0.055,-0.917
76421.000,0.865,-0.095,-0.927
76422.000,0.847,-0.075,-0.917
76423.000,0.739,-0.145,-0.821
76424.000,0.766,-0.155,-0.832
76425.000,0.713,-0.155,-0.790
76426.000,0.757,-0.095,-0.821
76427.000,0.704,-0.055,-0.864
76428.000,0.605,0.104,-0.927
76429.000,0.641,0.015,-0.917
76430.000,0.560,0.025,-0.811
76431.000,0.578,-0.095,-0.811
76432.000,0.542,-0.125,-0.811
76433.000,0.542,-0.175,-0.800
76434.000,0.461,-0.314,-0.726
76435.000,0.371,-0.264,-0.642
76436.000,0.299,-0.234,-0.567
76437.000,0.246,-0.155,-0.536
76438.000,0.219,-0.105,-0.483
76439.000,0.219,0.085,-0.493
76440.000,0.255,0.354,-0.578
76441.000,0.290,0.493,-0.705
76442.000,0.308,0.643,-0.843
76443.000,0.389,0.563,-0.991
76444.000,0.344,0.394,-1.044
76445.000,0.470,0.214,-1.033
76446.000,0.353,0.085,-0.853
76447.000,0.380,-0.065,-0.716
76448.000,0.398,-0.225,-0.716
76449.000,0.299,-0.284,-0.652
76450.000,0.326,-0.254,-0.546
76451.000,0.299,-0.125,-0.546
76452.000,0.282,0.025,-0.599
76453.000,0.255,0.204,-0.652
76454.000,0.246,0.354,-0.779
76455.000,0.264,0.254,-0.821
76456.000,0.335,0.154,-0.811
76457.000,0.228,0.194,-0.694
76458.000,0.183,0.144,-0.832
76459.000,0.165,0.124,-0.716
76460.000,0.237,0.164,-0.578
76461.000,0.273,0.065,-0.525
76462.000,0.237,0.025,-0.673
76463.000,0.093,0.055,-0.663
76464.000,0.048,0.025,-0.567
76465.000,0.057,0.114,-0.642
76466.000,0.120,0.045,-0.514
76467.000,0.120,0.144,-0.462
76468.000,0.129,0.144,-0.409
76469.000,0.102,0.174,-0.483
76470.000,0.183,0.234,-0.504
76471.000,0.219,0.324,-0.557
76472.000,0.246,0.284,-0.578
76473.000,0.290,0.284,-0.716
76474.000,0.165,0.184,-0.631
76475.000,0.210,0.214,-0.610
76476.000,0.174,0.164,-0.525
76477.000,0.183,0.085,-0.451
76478.000,0.138,0.114,-0.462
76479.000,0.111,0.154,-0.483
76480.000,0.129,0.194,-0.409
76481.000,0.147,0.164,-0.409
76482.000,0.138,0.214,-0.409
76483.000,0.093,0.224,-0.472
76484.000,0.183,0.184,-0.546
76485.000,0.282,0.264,-0.451
76486.000,0.219,0.264,-0.440
76487.000,0.138,0.274,-0.578
76488.000,0.246,0.453,-0.631
76489.000,0.264,0.374,-0.673
76490.000,0.282,0.324,-0.663
76491.000,0.282,0.154,-0.673
76492.000,0.371,-0.025,-0.631
76493.000,0.452,-0.025,-0.599
76494.000,0.416,-0.085,-0.578
76495.000,0.443,0.025,-0.589
76496.000,0.506,-0.025,-0.631
76497.000,0.461,-0.035,-0.684
76498.000,0.542,0.005,-0.716
76499.000,0.704,-0.055,-0.673
76500.000,0.587,0.025,-0.917
76501.000,0.596,0.055,-0.917
76502.000,0.623,0.075,-0.927
76503.000,0.650,0.094,-0.938
76504.000,0.659,0.094,-0.949
76505.000,0.668,0.114,-0.959
76506.000,0.704,0.055,-0.821
76507.000,0.605,-0.035,-0.811
76508.000,0.578,-0.025,-0.853
76509.000,0.641,-0.055,-0.885
76510.000,0.757,-0.025,-0.970
76511.000,0.802,0.015,-1.097
76512.000,0.856,-0.055,-1.076
76513.000,0.964,-0.085,-0.980
76514.000,1.000,-0.095,-0.927
76515.000,0.901,-0.075,-0.885
76516.000,1.018,-0.035,-0.747
76517.000,1.000,-0.015,-0.821
76518.000,1.027,-0.005,-0.800
76519.000,1.045,0.075,-0.864
76520.000,1.063,-0.015,-0.864
76521.000,1.036,-0.035,-0.991
76522.000,0.955,0.045,-1.012
76523.000,0.982,0.075,-0.896
76524.000,0.883,0.055,-0.864
76525.000,0.838,0.015,-0.843
76526.000,0.955,0.025,-0.885
76527.000,1.063,0.045,-0.917
76528.000,1.027,0.035,-0.991
76529.000,1.036,0.055,-0.980
76530.000,1.072,-0.055,-0.991
76531.000,1.036,-0.075,-0.949
76532.000,1.054,-0.015,-0.864
76533.000,1.081,0.015,-0.790
76534.000,0.991,-0.135,-0.885
76535.000,0.883,-0.155,-1.097
76536.000,0.784,-0.125,-1.118
76537.000,0.874,-0.005,-1.076
76538.000,0.784,0.085,-1.139
76539.000,0.775,0.065,-1.033
76540.000,0.883,-0.105,-1.044
76541.000,0.946,-0.234,-1.012
76542.000,0.946,-0.274,-0.970
76543.000,0.901,-0.254,-0.906
76544.000,0.928,-0.225,-0.938
76545.000,0.991,-0.205,-0.991
76546.000,1.027,-0.215,-1.023
76547.000,0.955,-0.244,-1.097
76548.000,0.937,-0.185,-1.224
76549.000,0.892,-0.065,-1.203
76550.000,0.946,-0.065,-1.181
76551.000,0.964,-0.105,-1.203
76552.000,0.811,-0.135,-1.256
76553.000,0.847,-0.095,-1.023
76554.000,0.892,-0.085,-1.245
76555.000,0.865,-0.105,-1.224
76556.000,0.793,-0.095,-1.287
76557.000,0.892,-0.055,-1.192
76558.000,0.883,0.065,-1.383
76559.000,0.883,0.035,-1.277
76560.000,0.793,0.085,-1.308
76561.000,0.668,-0.005,-1.139
76562.000,0.686,-0.045,-1.054
76563.000,0.731,-0.185,-1.001
76564.000,0.802,-0.234,-1.076
76565.000,0.704,-0.195,-1.065
76566.000,0.704,-0.025,-1.192
76567.000,0.731,0.015,-1.298
76568.000,0.802,0.005,-1.224
76569.000,0.731,-0.075,-1.224
76570.000,0.748,-0.135,-1.139
76571.000,0.793,-0.205,-1.076
76572.000,0.731,-0.215,-0.949
76573.000,0.668,-0.155,-0.938
76574.000,0.578,-0.225,-0.853
76575.000,0.488,-0.065,-0.705
76576.000,0.479,0.025,-0.620
76577.000,0.461,-0.135,-0.684
76578.000,0.641,-0.155,-0.726
76579.000,0.722,-0.234,-0.705
76580.000,0.802,-0.244,-0.896
76581.000,0.650,-0.035,-0.991
76582.000,0.739,0.244,-1.181
76583.000,0.506,0.094,-1.160
76584.000,0.452,0.015,-1.510
76585.000,0.470,0.384,-1.266
76586.000,0.335,0.204,-0.440
76587.000,0.344,-0.334,-0.271
76588.000,0.416,-0.065,-0.027
76589.000,0.299,0.264,0.004
76590.000,0.290,0.025,-0.377
76591.000,0.102,0.274,-0.430
76592.000,-0.078,0.374,-0.959
76593.000,0.192,0.423,-1.139
76594.000,0.299,0.593,-0.874
76595.000,0.668,0.085,-0.493
76596.000,0.820,-0.155,-0.462
76597.000,0.722,-0.195,-0.483
