70280.000,-0.024,-0.274,-1.330
70281.000,-0.033,-0.185,-1.256
70282.000,-0.024,-0.205,-1.234
70283.000,0.057,-0.195,-1.256
70284.000,0.039,-0.304,-1.330
70285.000,0.120,-0.284,-1.361
70286.000,0.201,-0.284,-1.340
70287.000,0.165,-0.304,-1.330
70288.000,0.192,-0.264,-1.330
70289.000,0.192,-0.195,-1.383
70290.000,0.246,-0.234,-1.372
70291.000,0.282,-0.185,-1.383
70292.000,0.255,-0.195,-1.436
70293.000,0.210,-0.155,-1.457
70294.000,0.201,-0.215,-1.393
70295.000,0.192,-0.234,-1.457
70296.000,0.228,-0.205,-1.446
70297.000,0.183,-0.205,-1.436
70298.000,0.174,-0.225,-1.372
70299.000,0.255,-0.264,-1.383
70300.000,0.237,-0.254,-1.308
70301.000,0.192,-0.205,-1.340
70302.000,0.237,-0.225,-1.319
70303.000,0.264,-0.215,-1.372
70304.000,0.228,-0.195,-1.361
70305.000,0.237,-0.185,-1.340
70306.000,0.264,-0.225,-1.372
70307.000,0.290,-0.205,-1.330
70308.000,0.273,-0.215,-1.436
70309.000,0.264,-0.215,-1.361
70310.000,0.290,-0.234,-1.351
70311.000,0.255,-0.195,-1.383
70312.000,0.299,-0.234,-1.393
70313.000,0.237,-0.254,-1.372
70314.000,0.228,-0.215,-1.383
70315.000,0.237,-0.274,-1.383
70316.000,0.192,-0.274,-1.351
70317.000,0.255,-0.254,-1.383
70318.000,0.264,-0.294,-1.351
70319.000,0.308,-0.284,-1.383
70320.000,0.210,-0.264,-1.330
70321.000,0.210,-0.215,-1.414
70322.000,0.210,-0.225,-1.393
70323.000,0.210,-0.225,-1.372
70324.000,0.201,-0.225,-1.404
70325.000,0.219,-0.195,-1.436
70326.000,0.228,-0.195,-1.414
70327.000,0.210,-0.254,-1.372
70328.000,0.210,-0.294,-1.393
70329.000,0.237,-0.314,-1.414
70330.000,0.138,-0.304,-1.404
70331.000,0.165,-0.234,-1.393
70332.000,0.174,-0.294,-1.404
70333.000,0.138,-0.244,-1.372
70334.000,0.219,-0.175,-1.351
70335.000,0.156,-0.234,-1.414
70336.000,0.201,-0.294,-1.404
70337.000,0.192,-0.254,-1.393
70338.000,0.165,-0.244,-1.383
70339.000,0.174,-0.175,-1.383
70340.000,0.192,-0.324,-1.393
70341.000,0.228,-0.264,-1.457
70342.000,0.210,-0.254,-1.425
70343.000,0.210,-0.264,-1.383
70344.000,0.174,-0.254,-1.436
70345.000,0.174,-0.225,-1.393
70346.000,0.192,-0.225,-1.372
70347.000,0.228,-0.234,-1.383
70348.000,0.174,-0.244,-1.404
70349.000,0.192,-0.274,-1.361
70350.000,0.165,-0.225,-1.414
70351.000,0.210,-0.304,-1.393
70352.000,0.210,-0.195,-1.414
70353.000,0.183,-0.195,-1.414
70354.000,0.183,-0.215,-1.361
70355.000,0.138,-0.254,-1.372
70356.000,0.210,-0.254,-1.404
70357.000,0.273,-0.234,-1.372
70358.000,0.282,-0.274,-1.319
70359.000,0.255,-0.294,-1.361
70360.000,0.299,-0.274,-1.351
70361.000,0.228,-0.244,-1.361
70362.000,0.174,-0.284,-1.457
70363.000,0.192,-0.215,-1.446
70364.000,0.147,-0.195,-1.457
70365.000,0.147,-0.195,-1.478
70366.000,0.183,-0.225,-1.404
70367.000,0.174,-0.284,-1.383
70368.000,0.228,-0.195,-1.436
70369.000,0.264,-0.244,-1.330
70370.000,0.246,-0.264,-1.340
70371.000,0.192,-0.254,-1.340
70372.000,0.246,-0.215,-1.404
70373.000,0.255,-0.274,-1.425
70374.000,0.219,-0.274,-1.457
70375.000,0.183,-0.274,-1.393
70376.000,0.201,-0.234,-1.361
70377.000,0.228,-0.264,-1.361
70378.000,0.192,-0.234,-1.351
70379.000,0.165,-0.294,-1.404
70380.000,0.111,-0.205,-1.436
70381.000,0.138,-0.215,-1.414
70382.000,0.192,-0.225,-1.404
70383.000,0.174,-0.175,-1.340
70384.000,0.201,-0.225,-1.393
70385.000,0.120,-0.205,-1.393
70386.000,0.111,-0.215,-1.404
70387.000,0.129,-0.244,-1.383
70388.000,0.165,-0.284,-1.436
70389.000,0.147,-0.304,-1.372
70390.000,0.156,-0.284,-1.287
70391.000,0.156,-0.254,-1.383
70392.000,0.129,-0.274,-1.298
70393.000,0.138,-0.225,-1.383
70394.000,0.174,-0.254,-1.340
70395.000,0.210,-0.215,-1.361
70396.000,0.201,-0.175,-1.372
70397.000,0.138,-0.234,-1.383
70398.000,0.174,-0.215,-1.383
70399.000,0.183,-0.254,-1.340
70400.000,0.156,-0.274,-1.361
70401.000,0.156,-0.175,-1.351
70402.000,0.192,-0.215,-1.330
70403.000,0.156,-0.274,-1.404
70404.000,0.156,-0.244,-1.425
70405.000,0.174,-0.225,-1.414
70406.000,0.165,-0.205,-1.436
70407.000,0.174,-0.205,-1.414
70408.000,0.174,-0.195,-1.425
70409.000,0.192,-0.244,-1.361
70410.000,0.147,-0.294,-1.351
70411.000,0.210,-0.294,-1.383
70412.000,0.147,-0.284,-1.383
70413.000,0.237,-0.304,-1.478
70414.000,0.165,-0.244,-1.446
70415.000,0.174,-0.244,-1.436
70416.000,0.201,-0.264,-1.351
70417.000,0.246,-0.195,-1.425
70418.000,0.210,-0.185,-1.404
70419.000,0.210,-0.215,-1.351
70420.000,0.219,-0.175,-1.351
70421.000,0.138,-0.215,-1.351
70422.000,0.183,-0.274,-1.351
70423.000,0.192,-0.215,-1.436
70424.000,0.129,-0.284,-1.340
70425.000,0.165,-0.274,-1.361
70426.000,0.156,-0.314,-1.404
70427.000,0.147,-0.274,-1.383
70428.000,0.219,-0.294,-1.425
70429.000,0.138,-0.274,-1.436
70430.000,0.129,-0.215,-1.457
70431.000,0.138,-0.215,-1.361
70432.000,0.201,-0.215,-1.425
70433.000,0.219,-0.145,-1.393
70434.000,0.174,-0.244,-1.393
70435.000,0.138,-0.225,-1.404
70436.000,0.237,-0.284,-1.383
70437.000,0.237,-0.264,-1.404
70438.000,0.156,-0.284,-1.404
70439.000,0.165,-0.274,-1.393
70440.000,0.210,-0.284,-1.393
70441.000,0.192,-0.244,-1.436
70442.000,0.147,-0.225,-1.446
70443.000,0.174,-0.244,-1.404
70444.000,0.174,-0.244,-1.383
70445.000,0.210,-0.225,-1.414
70446.000,0.147,-0.244,-1.351
70447.000,0.192,-0.274,-1.372
70448.000,0.165,-0.254,-1.488
70449.000,0.165,-0.225,-1.414
70450.000,0.075,-0.215,-1.393
70451.000,0.102,-0.145,-1.393
70452.000,0.201,-0.195,-1.383
70453.000,0.156,-0.225,-1.383
70454.000,0.138,-0.205,-1.404
70455.000,0.156,-0.304,-1.361
70456.000,0.165,-0.294,-1.351
70457.000,0.156,-0.234,-1.340
70458.000,0.102,-0.314,-1.298
70459.000,0.174,-0.234,-1.319
70460.000,0.219,-0.254,-1.393
70461.000,0.156,-0.254,-1.393
70462.000,0.201,-0.225,-1.404
70463.000,0.201,-0.215,-1.393
70464.000,0.201,-0.254,-1.404
70465.000,0.210,-0.284,-1.361
70466.000,0.255,-0.284,-1.351
70467.000,0.228,-0.205,-1.372
70468.000,0.255,-0.264,-1.393
70469.000,0.273,-0.254,-1.436
70470.000,0.201,-0.274,-1.446
70471.000,0.174,-0.274,-1.308
70472.000,0.174,-0.334,-1.351
70473.000,0.210,-0.294,-1.372
70474.000,0.183,-0.284,-1.361
70475.000,0.156,-0.274,-1.340
70476.000,0.183,-0.274,-1.361
70477.000,0.129,-0.244,-1.372
70478.000,0.120,-0.234,-1.340
70479.000,0.084,-0.234,-1.383
70480.000,0.093,-0.185,-1.372
70481.000,0.129,-0.145,-1.361
70482.000,0.120,-0.185,-1.340
70483.000,0.102,-0.145,-1.372
70484.000,0.129,-0.145,-1.361
70485.000,0.102,-0.215,-1.383
70486.000,0.147,-0.244,-1.404
70487.000,0.066,-0.175,-1.351
70488.000,0.138,-0.205,-1.361
70489.000,0.129,-0.205,-1.340
70490.000,0.102,-0.244,-1.298
70491.000,0.165,-0.244,-1.372
70492.000,0.174,-0.264,-1.383
70493.000,0.129,-0.244,-1.351
70494.000,0.084,-0.225,-1.308
70495.000,0.156,-0.244,-1.298
70496.000,0.111,-0.105,-1.351
70497.000,0.102,-0.155,-1.308
70498.000,0.165,-0.254,-1.361
70499.000,0.147,-0.244,-1.340
70500.000,0.174,-0.274,-1.330
70501.000,0.120,-0.234,-1.330
70502.000,0.210,-0.225,-1.340
70503.000,0.129,-0.234,-1.383
70504.000,0.174,-0.264,-1.383
70505.000,0.192,-0.264,-1.372
70506.000,0.228,-0.254,-1.372
70507.000,0.201,-0.264,-1.414
70508.000,0.219,-0.274,-1.393
70509.000,0.201,-0.294,-1.436
70510.000,0.219,-0.274,-1.425
70511.000,0.192,-0.344,-1.404
70512.000,0.210,-0.274,-1.393
70513.000,0.228,-0.284,-1.372
70514.000,0.165,-0.244,-1.361
70515.000,0.174,-0.215,-1.478
70516.000,0.165,-0.254,-1.404
70517.000,0.147,-0.215,-1.393
70518.000,0.165,-0.225,-1.393
70519.000,0.138,-0.254,-1.414
70520.000,0.165,-0.334,-1.372
70521.000,0.156,-0.244,-1.383
70522.000,0.165,-0.195,-1.340
70523.000,0.120,-0.205,-1.383
70524.000,0.165,-0.234,-1.372
70525.000,0.156,-0.294,-1.393
70526.000,0.156,-0.294,-1.308
70527.000,0.165,-0.225,-1.372
70528.000,0.174,-0.274,-1.414
70529.000,0.129,-0.274,-1.404
70530.000,0.192,-0.254,-1.361
70531.000,0.075,-0.284,-1.340
70532.000,0.102,-0.274,-1.404
70533.000,0.120,-0.215,-1.404
70534.000,0.111,-0.254,-1.393
70535.000,0.120,-0.284,-1.414
70536.000,0.129,-0.205,-1.446
70537.000,0.129,-0.234,-1.425
70538.000,0.183,-0.254,-1.393
70539.000,0.210,-0.195,-1.393
70540.000,0.156,-0.284,-1.372
70541.000,0.165,-0.274,-1.383
70542.000,0.156,-0.314,-1.298
70543.000,0.129,-0.244,-1.393
70544.000,0.120,-0.244,-1.414
70545.000,0.210,-0.175,-1.372
70546.000,0.156,-0.274,-1.393
70547.000,0.147,-0.294,-1.351
70548.000,0.219,-0.314,-1.393
70549.000,0.237,-0.264,-1.351
70550.000,0.183,-0.304,-1.436
70551.000,0.165,-0.304,-1.446
70552.000,0.165,-0.314,-1.425
70553.000,0.174,-0.324,-1.414
70554.000,0.183,-0.314,-1.404
70555.000,0.192,-0.304,-1.404
70556.000,0.192,-0.284,-1.383
70557.000,0.174,-0.215,-1.319
70558.000,0.210,-0.195,-1.372
70559.000,0.192,-0.264,-1.372
70560.000,0.174,-0.215,-1.414
70561.000,0.201,-0.264,-1.414
70562.000,0.201,-0.284,-1.330
70563.000,0.174,-0.264,-1.404
70564.000,0.219,-0.254,-1.383
70565.000,0.273,-0.294,-1.393
70566.000,0.183,-0.234,-1.330
70567.000,0.219,-0.234,-1.308
70568.000,0.183,-0.185,-1.361
70569.000,0.120,-0.234,-1.383
70570.000,0.174,-0.244,-1.351
70571.000,0.201,-0.225,-1.361
70572.000,0.183,-0.205,-1.340
70573.000,0.183,-0.234,-1.340
70574.000,0.201,-0.165,-1.383
70575.000,0.228,-0.234,-1.330
70576.000,0.165,-0.234,-1.330
70577.000,0.138,-0.234,-1.308
70578.000,0.129,-0.195,-1.308
70579.000,0.147,-0.225,-1.404
70580.000,0.138,-0.244,-1.361
70581.000,0.120,-0.135,-1.361
70582.000,0.120,-0.145,-1.372
70583.000,0.111,-0.225,-1.351
70584.000,0.147,-0.234,-1.351
70585.000,0.156,-0.215,-1.340
70586.000,0.102,-0.215,-1.361
70587.000,0.120,-0.274,-1.383
70588.000,0.183,-0.234,-1.351
70589.000,0.156,-0.244,-1.340
70590.000,0.192,-0.215,-1.351
70591.000,0.183,-0.225,-1.351
70592.000,0.237,-0.195,-1.383
70593.000,0.192,-0.244,-1.383
70594.000,0.210,-0.274,-1.330
70595.000,0.174,-0.254,-1.361
70596.000,0.174,-0.274,-1.351
70597.000,0.183,-0.215,-1.330
70598.000,0.255,-0.195,-1.372
70599.000,0.183,-0.264,-1.361
70600.000,0.165,-0.234,-1.393
70601.000,0.174,-0.234,-1.414
70602.000,0.183,-0.274,-1.361
70603.000,0.120,-0.225,-1.361
70604.000,0.201,-0.244,-1.393
70605.000,0.210,-0.234,-1.372
70606.000,0.219,-0.234,-1.383
70607.000,0.165,-0.254,-1.414
70608.000,0.192,-0.274,-1.383
70609.000,0.165,-0.225,-1.393
70610.000,0.138,-0.264,-1.340
70611.000,0.147,-0.225,-1.319
70612.000,0.192,-0.205,-1.330
70613.000,0.174,-0.234,-1.351
70614.000,0.192,-0.155,-1.404
70615.000,0.210,-0.195,-1.361
70616.000,0.201,-0.294,-1.393
70617.000,0.246,-0.264,-1.361
70618.000,0.228,-0.234,-1.351
70619.000,0.210,-0.175,-1.351
70620.000,0.219,-0.284,-1.351
70621.000,0.129,-0.205,-1.372
70622.000,0.156,-0.225,-1.351
70623.000,0.210,-0.195,-1.319
70624.000,0.075,-0.215,-1.298
70625.000,0.129,-0.234,-1.351
70626.000,0.138,-0.244,-1.319
70627.000,0.147,-0.284,-1.361
70628.000,0.093,-0.205,-1.351
70629.000,0.120,-0.254,-1.330
70630.000,0.093,-0.354,-1.330
70631.000,0.138,-0.274,-1.287
70632.000,0.102,-0.215,-1.319
70633.000,0.120,-0.185,-1.351
70634.000,0.129,-0.125,-1.330
70635.000,0.129,-0.135,-1.340
70636.000,0.156,-0.145,-1.383
70637.000,0.174,-0.244,-1.287
70638.000,0.138,-0.205,-1.319
70639.000,0.192,-0.175,-1.256
70640.000,0.201,-0.254,-1.245
70641.000,0.120,-0.274,-1.256
70642.000,0.093,-0.165,-1.234
70643.000,0.138,-0.135,-1.287
70644.000,0.084,-0.115,-1.351
70645.000,0.111,-0.095,-1.340
70646.000,0.120,-0.095,-1.308
70647.000,0.120,-0.135,-1.203
70648.000,0.228,-0.225,-1.287
70649.000,0.183,-0.185,-1.298
70650.000,0.237,-0.195,-1.308
70651.000,0.201,-0.195,-1.340
70652.000,0.201,-0.215,-1.308
70653.000,0.219,-0.205,-1.308
70654.000,0.201,-0.234,-1.393
70655.000,0.219,-0.215,-1.351
70656.000,0.192,-0.234,-1.393
70657.000,0.129,-0.185,-1.319
70658.000,0.156,-0.175,-1.404
70659.000,0.138,-0.105,-1.308
70660.000,0.093,-0.205,-1.298
70661.000,0.138,-0.234,-1.287
70662.000,0.093,-0.244,-1.277
70663.000,0.111,-0.294,-1.277
70664.000,0.138,-0.264,-1.340
70665.000,0.183,-0.254,-1.361
70666.000,0.147,-0.274,-1.340
70667.000,0.111,-0.254,-1.383
70668.000,0.156,-0.294,-1.308
70669.000,0.165,-0.264,-1.351
70670.000,0.156,-0.225,-1.425
70671.000,0.147,-0.234,-1.256
70672.000,0.183,-0.284,-1.372
70673.000,0.111,-0.185,-1.319
70674.000,0.120,-0.234,-1.372
70675.000,0.138,-0.185,-1.425
70676.000,0.165,-0.165,-1.414
70677.000,0.120,-0.185,-1.383
70678.000,0.174,-0.205,-1.361
70679.000,0.192,-0.234,-1.372
70680.000,0.201,-0.215,-1.404
70681.000,0.201,-0.324,-1.340
70682.000,0.156,-0.234,-1.319
70683.000,0.156,-0.264,-1.298
70684.000,0.129,-0.244,-1.351
70685.000,0.192,-0.215,-1.308
70686.000,0.174,-0.264,-1.319
70687.000,0.165,-0.234,-1.372
70688.000,0.165,-0.195,-1.361
70689.000,0.210,-0.195,-1.277
70690.000,0.201,-0.254,-1.308
70691.000,0.219,-0.274,-1.308
70692.000,0.210,-0.264,-1.351
70693.000,0.129,-0.274,-1.308
70694.000,0.156,-0.254,-1.298
70695.000,0.201,-0.264,-1.383
70696.000,0.183,-0.215,-1.330
70697.000,0.192,-0.205,-1.319
70698.000,0.201,-0.165,-1.330
70699.000,0.183,-0.185,-1.351
70700.000,0.228,-0.215,-1.361
70701.000,0.174,-0.244,-1.319
70702.000,0.210,-0.165,-1.319
70703.000,0.228,-0.165,-1.393
70704.000,0.174,-0.205,-1.383
70705.000,0.192,-0.225,-1.351
70706.000,0.183,-0.195,-1.330
70707.000,0.183,-0.225,-1.393
70708.000,0.228,-0.215,-1.308
70709.000,0.264,-0.274,-1.266
70710.000,0.174,-0.195,-1.340
70711.000,0.210,-0.185,-1.277
70712.000,0.192,-0.234,-1.340
70713.000,0.255,-0.135,-1.351
70714.000,0.192,-0.155,-1.340
70715.000,0.192,-0.155,-1.340
70716.000,0.210,-0.145,-1.351
70717.000,0.201,-0.205,-1.372
70718.000,0.210,-0.195,-1.372
70719.000,0.183,-0.195,-1.330
70720.000,0.111,-0.244,-1.425
70721.000,0.138,-0.234,-1.404
70722.000,0.183,-0.244,-1.393
70723.000,0.183,-0.244,-1.404
70724.000,0.183,-0.225,-1.425
70725.000,0.219,-0.225,-1.351
70726.000,0.201,-0.244,-1.383
70727.000,0.174,-0.234,-1.308
70728.000,0.210,-0.225,-1.330
70729.000,0.183,-0.254,-1.287
70730.000,0.174,-0.185,-1.351
70731.000,0.210,-0.215,-1.372
70732.000,0.201,-0.215,-1.351
70733.000,0.192,-0.294,-1.404
70734.000,0.174,-0.205,-1.372
70735.000,0.165,-0.244,-1.351
70736.000,0.201,-0.215,-1.330
70737.000,0.165,-0.175,-1.351
70738.000,0.237,-0.244,-1.351
70739.000,0.210,-0.274,-1.330
70740.000,0.201,-0.234,-1.383
70741.000,0.201,-0.254,-1.330
70742.000,0.174,-0.244,-1.308
70743.000,0.192,-0.234,-1.383
70744.000,0.183,-0.264,-1.361
70745.000,0.183,-0.165,-1.372
70746.000,0.237,-0.225,-1.361
70747.000,0.264,-0.215,-1.351
70748.000,0.246,-0.264,-1.351
70749.000,0.183,-0.254,-1.340
70750.000,0.246,-0.324,-1.393
70751.000,0.183,-0.264,-1.361
70752.000,0.165,-0.234,-1.372
70753.000,0.156,-0.274,-1.308
70754.000,0.201,-0.274,-1.330
70755.000,0.237,-0.244,-1.446
70756.000,0.156,-0.264,-1.393
70757.000,0.174,-0.225,-1.404
70758.000,0.183,-0.234,-1.478
70759.000,0.228,-0.254,-1.340
70760.000,0.138,-0.254,-1.393
70761.000,0.210,-0.195,-1.425
70762.000,0.210,-0.274,-1.361
70763.000,0.210,-0.244,-1.351
70764.000,0.138,-0.244,-1.383
70765.000,0.183,-0.324,-1.467
70766.000,0.210,-0.234,-1.404
70767.000,0.192,-0.254,-1.351
70768.000,0.174,-0.274,-1.393
70769.000,0.210,-0.225,-1.372
70770.000,0.183,-0.244,-1.393
70771.000,0.165,-0.254,-1.383
70772.000,0.183,-0.274,-1.404
70773.000,0.201,-0.274,-1.372
70774.000,0.147,-0.215,-1.393
70775.000,0.156,-0.304,-1.404
70776.000,0.174,-0.244,-1.351
70777.000,0.129,-0.165,-1.383
70778.000,0.156,-0.215,-1.372
70779.000,0.129,-0.244,-1.372
70780.000,0.147,-0.284,-1.404
70781.000,0.183,-0.254,-1.361
70782.000,0.138,-0.314,-1.404
70783.000,0.138,-0.225,-1.372
70784.000,0.102,-0.225,-1.425
70785.000,0.165,-0.264,-1.404
70786.000,0.183,-0.244,-1.393
70787.000,0.174,-0.284,-1.308
70788.000,0.174,-0.234,-1.372
70789.000,0.183,-0.225,-1.404
70790.000,0.183,-0.304,-1.414
70791.000,0.120,-0.254,-1.372
70792.000,0.174,-0.264,-1.372
70793.000,0.147,-0.234,-1.393
70794.000,0.192,-0.225,-1.340
70795.000,0.147,-0.274,-1.404
70796.000,0.174,-0.234,-1.393
70797.000,0.192,-0.205,-1.425
70798.000,0.219,-0.294,-1.361
70799.000,0.156,-0.254,-1.361
70800.000,0.138,-0.215,-1.404
70801.000,0.165,-0.284,-1.383
70802.000,0.165,-0.264,-1.393
70803.000,0.210,-0.284,-1.351
70804.000,0.147,-0.234,-1.351
70805.000,0.156,-0.225,-1.361
70806.000,0.156,-0.195,-1.372
70807.000,0.147,-0.205,-1.436
70808.000,0.210,-0.234,-1.404
70809.000,0.183,-0.195,-1.383
70810.000,0.156,-0.264,-1.425
70811.000,0.138,-0.225,-1.425
70812.000,0.147,-0.215,-1.319
70813.000,0.174,-0.274,-1.372
70814.000,0.138,-0.254,-1.393
70815.000,0.147,-0.264,-1.340
70816.000,0.156,-0.254,-1.330
70817.000,0.183,-0.254,-1.361
70818.000,0.102,-0.244,-1.393
70819.000,0.165,-0.244,-1.404
70820.000,0.201,-0.264,-1.383
70821.000,0.147,-0.274,-1.351
70822.000,0.165,-0.304,-1.414
70823.000,0.138,-0.205,-1.340
70824.000,0.120,-0.314,-1.393
70825.000,0.111,-0.324,-1.330
70826.000,0.129,-0.274,-1.372
70827.000,0.102,-0.294,-1.393
70828.000,0.138,-0.185,-1.404
70829.000,0.138,-0.225,-1.404
70830.000,0.156,-0.254,-1.436
70831.000,0.156,-0.215,-1.383
70832.000,0.192,-0.234,-1.383
70833.000,0.147,-0.234,-1.393
70834.000,0.147,-0.244,-1.308
70835.000,0.156,-0.234,-1.393
70836.000,0.147,-0.294,-1.372
70837.000,0.165,-0.254,-1.372
70838.000,0.156,-0.254,-1.372
70839.000,0.156,-0.215,-1.404
70840.000,0.138,-0.244,-1.351
70841.000,0.156,-0.244,-1.361
70842.000,0.156,-0.234,-1.383
70843.000,0.165,-0.234,-1.351
70844.000,0.120,-0.225,-1.414
70845.000,0.129,-0.274,-1.383
70846.000,0.165,-0.264,-1.383
70847.000,0.183,-0.274,-1.372
70848.000,0.129,-0.264,-1.393
70849.000,0.174,-0.215,-1.425
70850.000,0.120,-0.244,-1.404
70851.000,0.147,-0.234,-1.425
70852.000,0.129,-0.274,-1.330
70853.000,0.129,-0.264,-1.404
70854.000,0.120,-0.274,-1.414
70855.000,0.174,-0.244,-1.393
70856.000,0.183,-0.264,-1.404
70857.000,0.192,-0.225,-1.436
70858.000,0.192,-0.284,-1.383
70859.000,0.183,-0.254,-1.372
70860.000,0.165,-0.294,-1.361
70861.000,0.201,-0.294,-1.351
70862.000,0.201,-0.225,-1.383
70863.000,0.174,-0.254,-1.393
70864.000,0.165,-0.195,-1.351
70865.000,0.192,-0.215,-1.414
70866.000,0.156,-0.185,-1.414
70867.000,0.183,-0.264,-1.467
70868.000,0.165,-0.195,-1.393
70869.000,0.183,-0.225,-1.436
70870.000,0.156,-0.264,-1.393
70871.000,0.147,-0.225,-1.393
70872.000,0.174,-0.195,-1.393
70873.000,0.201,-0.254,-1.393
70874.000,0.174,-0.274,-1.446
70875.000,0.174,-0.215,-1.446
70876.000,0.174,-0.195,-1.393
70877.000,0.201,-0.234,-1.351
70878.000,0.174,-0.264,-1.446
70879.000,0.138,-0.254,-1.393
70880.000,0.156,-0.234,-1.372
70881.000,0.210,-0.225,-1.467
70882.000,0.174,-0.215,-1.457
70883.000,0.192,-0.254,-1.414
70884.000,0.147,-0.304,-1.404
70885.000,0.129,-0.294,-1.361
70886.000,0.183,-0.274,-1.404
70887.000,0.192,-0.314,-1.383
70888.000,0.174,-0.264,-1.414
70889.000,0.147,-0.254,-1.404
70890.000,0.057,-0.374,-1.383
70891.000,0.093,-0.334,-1.404
70892.000,0.111,-0.274,-1.414
70893.000,0.120,-0.304,-1.404
70894.000,0.147,-0.274,-1.446
70895.000,0.120,-0.294,-1.436
70896.000,0.129,-0.274,-1.436
70897.000,0.120,-0.274,-1.478
70898.000,0.138,-0.274,-1.457
70899.000,0.156,-0.274,-1.446
70900.000,0.174,-0.334,-1.436
70901.000,0.174,-0.394,-1.425
70902.000,0.138,-0.314,-1.446
70903.000,0.138,-0.304,-1.404
70904.000,0.156,-0.314,-1.467
70905.000,0.138,-0.314,-1.510
70906.000,0.138,-0.264,-1.446
70907.000,0.129,-0.254,-1.446
70908.000,0.174,-0.274,-1.436
70909.000,0.138,-0.264,-1.467
70910.000,0.147,-0.374,-1.467
70911.000,0.192,-0.334,-1.457
70912.000,0.183,-0.284,-1.436
70913.000,0.156,-0.314,-1.467
70914.000,0.138,-0.284,-1.425
70915.000,0.102,-0.274,-1.520
70916.000,0.138,-0.284,-1.436
70917.000,0.165,-0.284,-1.404
70918.000,0.165,-0.284,-1.404
70919.000,0.165,-0.334,-1.436
70920.000,0.174,-0.284,-1.425
70921.000,0.183,-0.304,-1.457
70922.000,0.138,-0.264,-1.404
70923.000,0.138,-0.254,-1.361
70924.000,0.138,-0.304,-1.414
70925.000,0.165,-0.294,-1.404
70926.000,0.174,-0.324,-1.393
70927.000,0.120,-0.314,-1.467
70928.000,0.210,-0.324,-1.425
70929.000,0.111,-0.274,-1.436
70930.000,0.165,-0.284,-1.372
70931.000,0.111,-0.205,-1.414
70932.000,0.138,-0.215,-1.436
70933.000,0.066,-0.254,-1.383
70934.000,0.129,-0.234,-1.425
70935.000,0.084,-0.304,-1.414
70936.000,0.066,-0.264,-1.414
70937.000,0.084,-0.294,-1.393
70938.000,0.066,-0.274,-1.361
70939.000,0.075,-0.314,-1.361
70940.000,0.048,-0.304,-1.383
70941.000,0.102,-0.225,-1.361
70942.000,0.120,-0.234,-1.404
70943.000,0.111,-0.215,-1.383
70944.000,0.048,-0.205,-1.393
70945.000,0.084,-0.254,-1.393
70946.000,0.102,-0.215,-1.404
70947.000,0.138,-0.284,-1.393
70948.000,0.057,-0.274,-1.383
70949.000,0.120,-0.284,-1.404
70950.000,0.111,-0.294,-1.414
70951.000,0.138,-0.234,-1.383
70952.000,0.102,-0.274,-1.330
70953.000,0.111,-0.254,-1.393
70954.000,0.129,-0.294,-1.425
70955.000,0.093,-0.254,-1.393
70956.000,0.147,-0.225,-1.393
70957.000,0.129,-0.254,-1.393
70958.000,0.129,-0.274,-1.425
70959.000,0.120,-0.244,-1.404
70960.000,0.129,-0.284,-1.330
70961.000,0.165,-0.234,-1.383
70962.000,0.183,-0.234,-1.372
70963.000,0.084,-0.195,-1.351
70964.000,0.129,-0.254,-1.383
70965.000,0.084,-0.314,-1.425
70966.000,0.174,-0.364,-1.340
70967.000,0.138,-0.384,-1.425
70968.000,0.156,-0.344,-1.372
70969.000,0.129,-0.334,-1.340
70970.000,0.174,-0.394,-1.361
70971.000,0.165,-0.334,-1.287
70972.000,0.192,-0.364,-1.224
70973.000,0.138,-0.314,-1.234
70974.000,0.156,-0.185,-1.213
70975.000,0.111,-0.175,-1.256
70976.000,0.057,-0.234,-1.308
70977.000,0.102,-0.244,-1.245
70978.000,0.039,-0.075,-1.256
70979.000,0.084,-0.115,-1.266
70980.000,0.138,-0.035,-1.224
70981.000,0.210,-0.105,-1.160
70982.000,0.174,-0.205,-1.139
70983.000,0.192,-0.165,-1.065
70984.000,0.138,-0.274,-1.044
70985.000,0.138,-0.105,-1.001
70986.000,0.165,-0.055,-0.949
70987.000,0.111,0.055,-1.044
70988.000,0.012,0.124,-0.864
70989.000,0.003,0.124,-0.970
70990.000,0.066,0.055,-1.107
70991.000,0.066,0.134,-1.033
70992.000,0.084,-0.055,-0.906
70993.000,0.201,-0.125,-0.769
70994.000,0.255,-0.155,-0.747
70995.000,0.183,-0.175,-0.716
70996.000,0.237,-0.125,-0.821
70997.000,0.246,0.045,-0.843
70998.000,0.021,0.284,-0.800
70999.000,-0.006,0.404,-0.800
71000.000,0.075,0.404,-0.843
71001.000,0.003,0.344,-0.790
71002.000,-0.087,0.314,-0.737
71003.000,-0.042,0.284,-0.631
71004.000,0.021,0.144,-0.684
71005.000,0.030,0.025,-0.747
71006.000,0.030,0.015,-0.694
71007.000,-0.042,0.055,-0.726
71008.000,0.057,-0.015,-0.705
71009.000,0.066,0.065,-0.631
71010.000,0.057,0.005,-0.642
71011.000,0.093,0.035,-0.599
71012.000,0.066,0.035,-0.663
71013.000,0.030,0.094,-0.631
71014.000,-0.024,0.144,-0.652
71015.000,-0.006,0.134,-0.705
71016.000,0.039,0.164,-0.769
71017.000,0.057,0.164,-0.864
71018.000,0.111,0.154,-0.821
71019.000,0.102,0.045,-0.821
71020.000,0.075,0.015,-0.790
71021.000,0.120,0.055,-0.779
71022.000,0.192,-0.035,-0.800
71023.000,0.093,0.075,-0.790
71024.000,0.030,0.045,-0.896
71025.000,0.120,0.065,-0.853
71026.000,0.120,0.055,-0.938
71027.000,0.219,-0.015,-0.959
71028.000,0.264,-0.135,-0.896
71029.000,0.335,-0.205,-0.906
71030.000,0.344,-0.274,-1.012
71031.000,0.407,-0.254,-0.938
71032.000,0.470,-0.205,-1.033
71033.000,0.515,-0.225,-1.118
71034.000,0.515,-0.234,-1.150
71035.000,0.551,-0.115,-1.234
71036.000,0.488,-0.085,-1.139
71037.000,0.497,-0.045,-1.160
71038.000,0.632,-0.025,-1.245
71039.000,0.614,-0.005,-1.361
71040.000,0.704,-0.055,-1.298
71041.000,0.695,-0.085,-1.425
71042.000,0.668,-0.085,-1.467
71043.000,0.713,-0.055,-1.383
71044.000,0.632,-0.135,-1.404
71045.000,0.605,-0.155,-1.372
71046.000,0.587,-0.115,-1.425
71047.000,0.605,-0.165,-1.361
71048.000,0.704,-0.205,-1.414
71049.000,0.704,-0.205,-1.393
71050.000,0.641,-0.244,-1.393
71051.000,0.677,-0.264,-1.340
71052.000,0.614,-0.234,-1.393
71053.000,0.614,-0.264,-1.414
71054.000,0.605,-0.244,-1.436
71055.000,0.596,-0.274,-1.446
71056.000,0.542,-0.254,-1.510
71057.000,0.488,-0.294,-1.499
71058.000,0.497,-0.254,-1.488
71059.000,0.488,-0.274,-1.520
71060.000,0.219,-0.444,-1.880
71061.000,0.246,-0.414,-1.859
71062.000,0.282,-0.384,-1.838
71063.000,0.282,-0.344,-1.827
71064.000,0.282,-0.334,-1.817
71065.000,0.282,-0.324,-1.817
71066.000,0.290,-0.314,-1.848
71067.000,0.299,-0.304,-1.838
71068.000,0.308,-0.304,-1.838
71069.000,0.326,-0.314,-1.838
71070.000,0.326,-0.334,-1.838
71071.000,0.290,-0.294,-1.901
71072.000,0.264,-0.464,-1.901
71073.000,0.290,-0.464,-1.880
71074.000,0.335,-0.444,-1.827
71075.000,0.290,-0.514,-1.870
71076.000,0.183,-0.494,-1.817
71077.000,0.246,-0.434,-1.838
71078.000,0.156,-0.454,-1.848
71079.000,0.183,-0.454,-1.817
71080.000,0.156,-0.464,-1.817
71081.000,0.156,-0.524,-1.732
71082.000,0.138,-0.514,-1.605
71083.000,0.165,-0.544,-1.615
71084.000,0.192,-0.514,-1.615
71085.000,0.228,-0.593,-1.615
71086.000,0.210,-0.544,-1.615
71087.000,0.084,-0.872,-1.499
71088.000,0.120,-0.424,-1.584
71089.000,0.165,-0.454,-1.594
71090.000,0.156,-0.484,-1.668
71091.000,0.255,-0.474,-1.690
71092.000,0.201,-0.384,-1.647
71093.000,0.138,-0.384,-1.679
71094.000,0.129,-0.354,-1.690
71095.000,0.156,-0.304,-1.637
71096.000,0.138,-0.394,-1.573
71097.000,0.147,-0.354,-1.573
71098.000,0.147,-0.454,-1.594
71099.000,0.156,-0.454,-1.552
71100.000,0.102,-0.444,-1.520
71101.000,0.048,-0.444,-1.499
71102.000,0.012,-0.384,-1.531
71103.000,0.066,-0.314,-1.573
71104.000,0.066,-0.294,-1.658
71105.000,0.048,-0.264,-1.637
71106.000,0.066,-0.354,-1.615
71107.000,0.102,-0.334,-1.488
71108.000,0.165,-0.344,-1.478
71109.000,0.102,-0.274,-1.520
71110.000,0.093,-0.374,-1.520
71111.000,0.093,-0.344,-1.520
71112.000,0.093,-0.344,-1.446
71113.000,0.030,-0.374,-1.446
71114.000,0.057,-0.434,-1.457
71115.000,-0.006,-0.364,-1.467
71116.000,-0.006,-0.354,-1.467
71117.000,0.021,-0.284,-1.563
71118.000,0.012,-0.274,-1.584
71119.000,0.039,-0.294,-1.541
71120.000,0.066,-0.254,-1.467
71121.000,0.066,-0.294,-1.531
71122.000,0.111,-0.284,-1.478
71123.000,0.084,-0.254,-1.499
71124.000,0.066,-0.314,-1.457
71125.000,0.030,-0.274,-1.467
71126.000,0.057,-0.374,-1.446
71127.000,0.039,-0.364,-1.457
71128.000,-0.033,-0.314,-1.361
71129.000,-0.069,-0.334,-1.425
71130.000,0.003,-0.314,-1.361
71131.000,0.021,-0.354,-1.457
71132.000,-0.033,-0.284,-1.467
71133.000,-0.078,-0.274,-1.499
71134.000,-0.069,-0.274,-1.457
71135.000,-0.087,-0.274,-1.488
71136.000,-0.078,-0.324,-1.414
71137.000,-0.051,-0.354,-1.404
71138.000,-0.033,-0.344,-1.372
71139.000,-0.051,-0.314,-1.330
71140.000,-0.087,-0.284,-1.319
71141.000,-0.042,-0.284,-1.436
71142.000,-0.060,-0.304,-1.393
71143.000,0.012,-0.244,-1.414
71144.000,0.021,-0.244,-1.467
71145.000,0.066,-0.304,-1.446
71146.000,0.093,-0.234,-1.488
71147.000,0.147,-0.234,-1.467
71148.000,0.084,-0.254,-1.446
71149.000,0.156,-0.274,-1.488
71150.000,0.120,-0.254,-1.510
71151.000,0.129,-0.304,-1.478
71152.000,0.075,-0.254,-1.457
71153.000,0.210,-0.284,-1.404
71154.000,0.165,-0.384,-1.457
71155.000,0.174,-0.394,-1.457
71156.000,0.192,-0.364,-1.478
71157.000,0.219,-0.294,-1.488
71158.000,0.219,-0.254,-1.488
71159.000,0.219,-0.284,-1.467
71160.000,0.219,-0.304,-1.436
71161.000,0.264,-0.314,-1.510
71162.000,0.353,-0.314,-1.499
71163.000,0.299,-0.304,-1.457
71164.000,0.326,-0.344,-1.478
71165.000,0.353,-0.364,-1.383
71166.000,0.317,-0.344,-1.372
71167.000,0.443,-0.384,-1.446
71168.000,0.479,-0.334,-1.520
71169.000,0.533,-0.294,-1.510
71170.000,0.533,-0.374,-1.510
71171.000,0.605,-0.324,-1.478
71172.000,0.623,-0.354,-1.552
71173.000,0.686,-0.344,-1.594
71174.000,0.605,-0.264,-1.615
71175.000,0.569,-0.294,-1.478
71176.000,0.757,-0.354,-1.594
71177.000,0.874,-0.284,-1.594
71178.000,0.874,-0.334,-1.658
71179.000,0.955,-0.474,-1.859
71180.000,0.928,-0.304,-1.700
71181.000,0.910,-0.234,-1.594
71182.000,0.928,-0.205,-1.711
71183.000,0.874,-0.205,-1.615
71184.000,0.919,-0.364,-1.541
71185.000,0.829,-0.294,-1.488
71186.000,0.847,-0.294,-1.563
71187.000,0.811,-0.254,-1.541
71188.000,0.775,-0.364,-1.446
71189.000,0.748,-0.324,-1.478
71190.000,0.793,-0.384,-1.467
71191.000,0.739,-0.414,-1.457
71192.000,0.695,-0.354,-1.383
71193.000,0.677,-0.284,-1.446
71194.000,0.659,-0.244,-1.361
71195.000,0.748,-0.274,-1.393
71196.000,0.623,-0.294,-1.478
71197.000,0.659,-0.254,-1.351
71198.000,0.623,-0.274,-1.277
71199.000,0.659,-0.354,-1.256
71200.000,0.524,-0.254,-1.160
71201.000,0.578,-0.244,-1.192
71202.000,0.524,-0.155,-1.171
71203.000,0.497,-0.155,-1.203
71204.000,0.506,-0.135,-1.245
71205.000,0.506,-0.254,-1.308
71206.000,0.506,-0.264,-1.414
71207.000,0.506,-0.045,-1.308
71208.000,0.506,-0.254,-1.234
71209.000,0.569,-0.115,-1.308
71210.000,0.515,-0.085,-1.266
71211.000,0.524,-0.085,-1.266
71212.000,0.569,-0.115,-1.436
71213.000,0.560,-0.095,-1.531
71214.000,0.542,0.065,-1.213
71215.000,0.578,-0.105,-1.139
71216.000,0.515,-0.115,-1.393
71217.000,0.623,-0.244,-1.541
71218.000,0.605,-0.155,-1.615
71219.000,0.551,-0.125,-1.457
71220.000,0.596,-0.234,-1.499
71221.000,0.605,-0.185,-1.393
71222.000,0.587,-0.234,-1.436
71223.000,0.515,-0.234,-1.351
71224.000,0.479,-0.234,-1.436
71225.000,0.434,-0.264,-1.414
71226.000,0.443,-0.225,-1.393
71227.000,0.470,-0.294,-1.436
71228.000,0.407,-0.215,-1.467
71229.000,0.470,-0.195,-1.361
71230.000,0.524,-0.324,-1.351
71231.000,0.506,-0.324,-1.340
71232.000,0.551,-0.294,-1.351
71233.000,0.506,-0.274,-1.393
71234.000,0.560,-0.324,-1.446
71235.000,0.596,-0.344,-1.436
71236.000,0.605,-0.264,-1.330
71237.000,0.614,-0.314,-1.446
71238.000,0.416,-0.264,-1.256
71239.000,0.371,-0.195,-1.097
71240.000,0.273,-0.115,-0.927
71241.000,0.237,-0.095,-0.811
71242.000,0.219,-0.165,-0.811
71243.000,0.111,-0.035,-0.843
71244.000,0.093,0.174,-0.917
71245.000,0.147,0.144,-0.927
71246.000,0.174,0.304,-1.044
71247.000,0.335,0.264,-1.213
71248.000,0.425,0.164,-1.361
71249.000,0.434,0.094,-1.340
71250.000,0.488,-0.125,-1.351
71251.000,0.371,-0.195,-1.192
71252.000,0.353,-0.205,-1.160
71253.000,0.353,-0.135,-0.970
71254.000,0.371,-0.234,-1.023
71255.000,0.308,-0.274,-1.054
71256.000,0.255,-0.254,-1.033
71257.000,0.210,-0.185,-1.065
71258.000,0.147,-0.115,-1.076
71259.000,0.066,-0.115,-1.086
71260.000,0.075,-0.075,-1.118
71261.000,0.057,-0.135,-1.033
71262.000,0.039,-0.165,-1.097
71263.000,0.156,-0.105,-1.128
71264.000,0.138,-0.115,-1.330
71265.000,0.246,-0.115,-1.393
71266.000,0.273,-0.175,-1.436
71267.000,0.228,-0.175,-1.404
71268.000,0.174,-0.115,-1.414
71269.000,0.111,-0.205,-1.372
71270.000,0.102,-0.165,-1.351
71271.000,0.066,-0.234,-1.245
71272.000,0.102,-0.205,-1.234
71273.000,-0.078,-0.244,-1.298
71274.000,0.039,-0.244,-1.393
71275.000,0.030,-0.185,-1.541
71276.000,0.156,-0.225,-1.584
71277.000,0.102,-0.234,-1.743
71278.000,0.138,-0.135,-1.764
71279.000,0.156,0.065,-1.901
71280.000,0.165,0.184,-1.901
71281.000,0.102,0.513,-2.113
71282.000,0.012,0.703,-1.965
71283.000,0.210,0.623,-1.499
71284.000,0.461,0.404,-1.563
71285.000,0.542,0.035,-1.308
71286.000,0.551,-0.364,-0.800
71287.000,0.722,-0.783,-0.366
71288.000,0.982,-0.823,-0.144
71289.000,1.251,-0.683,-0.377
71290.000,1.126,-0.514,-0.843
71291.000,0.892,-0.234,-1.298
71292.000,0.686,-0.015,-1.361
71293.000,0.488,0.124,-1.361
71294.000,0.443,0.124,-1.467
71295.000,0.488,0.015,-1.436
71296.000,0.479,-0.075,-1.308
71297.000,0.533,-0.374,-1.213
71298.000,0.596,-0.544,-1.256
71299.000,0.623,-0.583,-1.256
71300.000,0.542,-0.514,-1.298
71301.000,0.506,-0.464,-1.266
71302.000,0.461,-0.324,-1.308
71303.000,0.299,0.015,-1.488
71304.000,0.282,-0.215,-1.520
71305.000,0.362,-0.135,-1.647
71306.000,0.416,-0.344,-1.510
71307.000,0.380,-0.394,-1.467
71308.000,0.380,-0.344,-1.594
71309.000,0.326,-0.414,-1.626
71310.000,0.425,-0.454,-1.531
71311.000,0.299,-0.414,-1.552
71312.000,0.353,-0.534,-1.690
71313.000,0.282,-0.544,-1.626
71314.000,0.255,-0.524,-1.584
71315.000,0.273,-0.643,-1.584
71316.000,0.174,-0.553,-1.594
71317.000,0.093,-0.524,-1.552
71318.000,0.120,-0.593,-1.520
71319.000,0.147,-0.534,-1.721
71320.000,0.183,-0.504,-1.721
71321.000,0.147,-0.404,-1.817
71322.000,0.093,-0.274,-1.764
71323.000,0.147,-0.234,-1.901
71324.000,0.353,-0.165,-1.870
71325.000,0.362,0.144,-2.028
71326.000,0.380,0.364,-2.367
71327.000,0.398,0.653,-2.219
71328.000,0.506,1.121,-1.711
71329.000,0.425,1.002,-1.954
71330.000,0.353,0.812,-1.743
71331.000,0.237,0.274,-1.319
71332.000,0.273,0.144,-0.684
71333.000,0.335,0.174,-0.112
71334.000,0.308,0.264,-0.049
71335.000,0.282,0.453,-0.027
71336.000,0.165,0.443,-0.229
71337.000,0.075,0.473,-0.716
71338.000,0.165,0.174,-0.896
71339.000,0.129,-0.025,-0.980
71340.000,0.174,-0.015,-0.631
71341.000,0.111,-0.095,-0.483
71342.000,0.093,-0.264,-0.377
71343.000,0.147,-0.354,-0.356
71344.000,0.165,-0.344,-0.260
71345.000,0.174,-0.454,-0.430
71346.000,0.210,-0.603,-0.514
71347.000,0.210,-0.643,-0.705
71348.000,0.120,-0.713,-0.885
71349.000,0.156,-0.553,-0.758
71350.000,0.075,-0.394,-0.790
71351.000,-0.024,-0.314,-0.832
71352.000,-0.042,-0.205,-0.811
71353.000,-0.212,-0.304,-0.790
71354.000,-0.230,-0.434,-0.726
71355.000,-0.167,-0.364,-0.684
71356.000,-0.015,-0.264,-0.419
71357.000,-0.114,-0.165,-0.567
71358.000,-0.132,0.045,-0.874
71359.000,-0.159,0.174,-1.203
71360.000,-0.105,0.304,-1.287
71361.000,-0.239,0.623,-1.563
71362.000,-0.401,1.311,-1.605
71363.000,-0.446,1.919,-1.870
71364.000,-0.383,1.959,-1.848
71365.000,-0.123,1.909,-1.997
71366.000,0.084,1.909,-2.039
71367.000,-0.239,1.370,-1.181
71368.000,0.165,1.101,-0.282
71369.000,1.018,0.065,-0.716
71370.000,1.117,-0.185,-0.896
71371.000,1.081,-0.085,-0.567
71372.000,0.766,-0.025,-0.504
71373.000,0.650,-0.334,-0.769
71374.000,0.398,-0.633,-0.631
71375.000,0.425,-1.092,-0.493
71376.000,0.362,-1.032,-0.324
71377.000,0.237,-1.172,-0.292
71378.000,0.237,-1.471,-0.398
71379.000,0.344,-1.530,-0.409
71380.000,0.398,-1.510,-0.345
71381.000,0.443,-1.411,-0.440
71382.000,0.335,-1.112,-0.610
71383.000,0.264,-1.042,-0.864
71384.000,0.156,-0.823,-1.203
71385.000,0.084,-0.474,-1.277
71386.000,0.048,-0.264,-1.393
71387.000,0.129,-0.234,-1.605
71388.000,0.174,-0.205,-1.563
71389.000,0.344,-0.195,-1.414
71390.000,0.353,-0.155,-1.690
71391.000,0.290,0.045,-1.838
71392.000,0.389,0.214,-1.944
71393.000,0.560,0.443,-1.986
71394.000,0.497,0.523,-2.145
71395.000,0.308,0.722,-2.420
71396.000,0.147,1.101,-2.208
71397.000,0.757,1.849,-1.711
71398.000,1.224,2.028,-1.827
71399.000,0.299,1.500,-2.081
71400.000,0.093,0.184,0.629
71401.000,0.084,0.194,0.629
71402.000,0.210,0.124,0.767
71403.000,0.551,0.045,0.491
71404.000,0.677,-0.095,-0.271
71405.000,0.605,-0.504,-0.864
71406.000,0.317,-0.833,-0.896
71407.000,0.219,-0.863,-0.271
71408.000,0.335,-1.052,0.004
71409.000,0.344,-1.122,0.068
71410.000,0.210,-1.241,-0.017
71411.000,0.219,-1.122,-0.059
71412.000,0.210,-0.853,-0.229
71413.000,0.308,-0.573,-0.419
71414.000,0.273,-0.234,-0.811
71415.000,0.201,-0.105,-0.864
71416.000,0.246,0.404,-0.959
71417.000,0.201,0.703,-1.065
71418.000,0.111,0.922,-1.107
71419.000,0.129,1.211,-1.499
71420.000,0.120,1.470,-1.965
71421.000,0.201,1.560,-1.997
71422.000,0.111,1.400,-2.007
71423.000,0.030,1.311,-1.880
71424.000,0.129,0.982,-1.499
71425.000,0.174,1.640,-1.605
71426.000,0.793,0.792,-1.192
71427.000,1.180,0.304,-1.594
71428.000,1.233,-0.244,-1.372
71429.000,1.206,-0.294,-0.493
71430.000,1.197,-0.504,-0.282
71431.000,0.946,-0.504,-0.726
71432.000,0.739,-0.454,-0.620
71433.000,0.748,-0.623,-0.769
71434.000,0.461,-0.843,-1.097
71435.000,0.452,-0.882,-0.991
71436.000,0.380,-1.072,-1.023
71437.000,0.344,-1.301,-1.054
71438.000,0.353,-1.441,-1.023
71439.000,0.416,-1.580,-0.790
71440.000,0.407,-1.520,-0.705
71441.000,0.443,-1.471,-0.832
71442.000,0.533,-1.291,-0.874
71443.000,0.497,-1.211,-1.160
71444.000,0.479,-1.052,-1.383
71445.000,0.380,-0.833,-1.520
71446.000,0.371,-0.623,-1.552
71447.000,0.353,-0.593,-1.711
71448.000,0.335,-0.683,-1.922
71449.000,0.335,-0.723,-1.901
71450.000,0.443,-0.633,-1.891
71451.000,0.371,-0.763,-1.785
71452.000,0.299,-0.892,-1.690
71453.000,0.317,-1.022,-1.658
71454.000,0.174,-0.922,-1.531
71455.000,-0.033,-0.673,-1.668
71456.000,-0.015,0.114,-1.732
71457.000,0.443,1.261,-1.986
71458.000,0.946,1.670,-2.261
71459.000,0.147,1.002,-2.039
71460.000,0.102,0.443,-1.626
71461.000,0.219,0.094,-1.372
71462.000,0.326,-0.215,-0.589
71463.000,0.210,-0.653,-0.155
71464.000,-0.230,-0.813,-0.144
71465.000,-0.123,-0.215,0.311
71466.000,0.524,0.144,0.375
71467.000,0.542,0.184,-0.610
71468.000,0.192,-0.025,-1.425
71469.000,-0.159,-0.085,-1.351
71470.000,-0.266,0.045,-0.821
71471.000,-0.374,0.055,-0.356
71472.000,-0.185,0.114,-0.176
71473.000,-0.015,-0.165,-0.398
71474.000,0.192,-0.035,-0.557
71475.000,0.443,-0.254,-1.308
71476.000,0.317,0.274,-1.467
71477.000,0.138,0.812,-1.160
71478.000,-0.105,1.081,-1.097
71479.000,-0.015,1.201,-1.340
71480.000,0.075,1.331,-1.383
71481.000,0.335,1.520,-1.753
71482.000,0.389,1.689,-1.774
71483.000,0.273,1.470,-1.795
71484.000,0.084,1.580,-1.817
71485.000,-0.024,1.420,-0.779
71486.000,0.650,1.460,0.555
71487.000,1.144,0.663,-0.525
71488.000,1.395,-0.314,-1.753
71489.000,1.458,-0.264,-1.457
71490.000,1.162,-0.155,-0.800
71491.000,0.910,-0.105,-0.229
71492.000,0.605,-0.344,-0.292
71493.000,0.605,-0.524,-0.716
71494.000,0.479,-0.663,-0.747
71495.000,0.183,-0.803,-0.726
71496.000,0.147,-1.062,-0.451
71497.000,0.093,-1.221,-0.239
71498.000,0.308,-1.231,0.015
71499.000,0.470,-1.510,-0.313
71500.000,0.614,-1.570,-0.197
71501.000,0.695,-1.491,-0.271
71502.000,0.793,-1.341,-0.525
71503.000,0.775,-0.783,-1.033
71504.000,0.605,-0.514,-1.510
71505.000,0.722,-0.314,-1.764
71506.000,0.686,-0.035,-1.944
71507.000,0.722,0.164,-2.018
71508.000,0.515,0.463,-1.859
71509.000,0.282,0.942,-1.838
71510.000,0.470,0.952,-2.240
71511.000,0.731,0.932,-2.293
71512.000,0.766,0.972,-2.378
71513.000,0.838,0.902,-2.124
71514.000,0.901,1.390,-1.859
71515.000,1.593,1.560,-1.372
71516.000,1.323,0.812,-1.933
71517.000,0.264,0.583,-1.838
71518.000,0.228,0.364,-0.546
71519.000,0.335,0.224,0.131
71520.000,0.650,0.404,0.354
71521.000,0.506,0.144,-0.049
71522.000,0.479,-0.314,-0.959
71523.000,0.335,-0.613,-1.457
71524.000,0.308,-0.803,-1.213
71525.000,0.308,-0.892,-0.430
71526.000,0.407,-1.152,0.100
71527.000,0.246,-1.441,0.047
71528.000,0.228,-1.680,-0.472
71529.000,0.335,-1.879,-0.313
71530.000,0.479,-1.680,-0.133
71531.000,0.605,-1.451,-0.366
71532.000,0.641,-0.982,-0.504
71533.000,0.560,-0.474,-0.821
71534.000,0.299,-0.244,-1.425
71535.000,0.273,0.473,-1.457
71536.000,-0.042,1.041,-2.060
71537.000,-0.132,1.041,-2.155
71538.000,0.111,0.962,-2.208
71539.000,0.210,1.171,-1.817
71540.000,0.201,1.460,-1.806
71541.000,-0.060,1.809,-2.060
71542.000,-0.105,1.919,-2.155
71543.000,0.560,1.879,-1.880
71544.000,0.443,1.929,-0.885
71545.000,0.991,1.520,-0.864
71546.000,1.512,0.603,-2.018
71547.000,1.871,0.364,-1.139
71548.000,2.311,-0.354,-0.620
71549.000,1.629,-0.573,-0.462
71550.000,1.323,-1.052,-1.128
71551.000,1.036,-1.191,-1.171
71552.000,0.910,-1.112,-0.493
71553.000,0.668,-1.361,-0.652
71554.000,0.461,-1.510,-0.620
71555.000,0.371,-1.750,-0.430
71556.000,0.443,-1.760,-0.260
71557.000,0.398,-1.859,-0.239
71558.000,0.380,-1.371,-0.409
71559.000,0.398,-1.819,-0.334
71560.000,0.237,-1.510,-0.567
71561.000,0.210,-1.052,-1.277
71562.000,0.380,-0.424,-1.520
71563.000,0.542,0.284,-1.975
71564.000,0.506,0.573,-2.304
71565.000,0.452,0.862,-2.240
71566.000,0.560,0.782,-2.261
71567.000,0.470,0.713,-2.314
71568.000,0.578,0.982,-2.441
71569.000,0.722,0.902,-2.494
71570.000,0.317,-1.720,-0.133
71571.000,0.362,-1.730,-0.102
71572.000,0.380,-1.710,-0.070
71573.000,0.380,-1.710,-0.080
71574.000,0.407,-1.690,-0.080
71575.000,0.434,-1.670,-0.080
71576.000,0.434,-1.650,-0.091
71577.000,0.371,-1.959,-0.017
71578.000,0.524,-1.740,0.258
71579.000,0.704,-1.510,0.248
71580.000,0.695,-1.172,0.078
71581.000,0.713,-0.673,-0.409
71582.000,0.542,-0.035,-0.949
71583.000,0.165,0.344,-1.372
71584.000,0.138,1.360,-1.721
71585.000,-0.203,1.650,-1.584
71586.000,-0.185,1.919,-1.615
71587.000,0.066,2.018,-1.880
71588.000,0.219,2.048,-2.166
71589.000,0.273,1.679,-2.166
71590.000,0.326,1.570,-1.605
71591.000,0.452,1.032,-1.361
71592.000,0.910,0.862,-1.319
71593.000,1.099,0.264,-0.207
71594.000,1.045,-0.055,-0.938
71595.000,1.449,-0.484,-1.097
71596.000,1.682,-0.573,-0.493
71597.000,1.377,-0.494,-0.409
71598.000,1.000,-0.882,-0.927
71599.000,0.766,-0.892,-0.853
71600.000,0.605,-1.052,-0.462
71601.000,0.587,-1.191,-0.218
71602.000,0.425,-1.361,-0.398
71603.000,0.542,-1.650,-0.229
71604.000,0.470,-1.550,-0.197
71605.000,0.533,-1.670,-0.345
71606.000,0.255,-1.291,-0.716
71607.000,0.138,-1.231,-0.610
71608.000,0.237,-0.992,-0.716
71609.000,0.299,-0.723,-0.800
71610.000,0.443,-0.524,-1.150
71611.000,0.380,0.085,-1.605
71612.000,0.524,0.094,-1.975
71613.000,0.515,0.433,-2.367
71614.000,0.488,0.782,-2.409
71615.000,0.641,0.902,-1.975
71616.000,0.874,0.882,-2.261
71617.000,0.856,0.892,-2.494
71618.000,0.829,0.952,-2.462
71619.000,0.973,1.301,-2.134
71620.000,1.440,1.899,-1.520
71621.000,1.566,1.580,-1.266
71622.000,1.171,1.032,-2.007
71623.000,0.695,0.683,-1.383
71624.000,0.264,0.643,0.015
71625.000,0.237,0.623,0.555
71626.000,0.452,0.244,0.460
71627.000,0.290,-0.284,0.047
71628.000,0.434,-0.743,-0.589
71629.000,0.748,-0.902,-0.599
71630.000,0.793,-1.311,-0.525
71631.000,0.542,-1.670,-0.271
71632.000,0.524,-1.790,0.322
71633.000,0.722,-1.760,0.512
71634.000,0.838,-1.869,0.248
71635.000,0.695,-1.590,-0.080
71636.000,0.398,-1.102,-0.260
71637.000,0.452,-0.803,-0.557
71638.000,0.246,-0.035,-0.620
71639.000,0.282,0.762,-0.716
71640.000,0.165,1.360,-0.927
71641.000,0.192,1.530,-1.139
71642.000,0.138,1.799,-1.753
71643.000,0.210,1.859,-2.293
71644.000,0.084,2.128,-2.081
71645.000,-0.069,2.507,-1.658
71646.000,0.057,2.228,-1.531
71647.000,0.299,1.779,-1.806
71648.000,0.542,1.261,-1.287
71649.000,0.632,0.832,0.025
71650.000,1.036,0.473,0.481
71651.000,1.646,-0.085,-0.938
71652.000,1.826,-0.195,-0.843
71653.000,1.772,-0.145,-0.472
71654.000,1.440,-0.454,-0.758
71655.000,1.045,-0.972,-0.864
71656.000,0.784,-1.042,-0.356
71657.000,0.766,-1.431,-0.102
71658.000,0.686,-1.780,-0.419
71659.000,0.686,-1.750,-0.112
71660.000,0.506,-1.640,-0.038
71661.000,0.524,-1.690,-0.260
71662.000,0.614,-1.700,-0.514
71663.000,0.659,-1.580,-0.493
71664.000,0.614,-1.092,-0.885
71665.000,0.551,-0.932,-1.308
71666.000,0.560,-0.803,-1.446
71667.000,0.533,-0.384,-1.594
71668.000,0.560,-0.234,-1.764
71669.000,0.506,-0.155,-1.732
71670.000,0.605,-0.125,-1.817
71671.000,0.632,0.065,-1.637
71672.000,0.587,0.174,-1.848
71673.000,0.677,0.174,-1.986
71674.000,0.668,0.384,-2.378
71675.000,0.659,0.613,-2.537
71676.000,0.533,1.201,-2.452
71677.000,0.748,1.859,-2.229
71678.000,1.135,2.068,-2.314
71679.000,1.135,1.959,-2.272
71680.000,0.452,1.510,-1.605
71681.000,-0.114,0.822,-1.213
71682.000,0.075,0.224,-0.176
71683.000,0.246,-0.035,0.205
71684.000,0.344,-0.055,0.343
71685.000,0.443,-0.155,0.280
71686.000,0.488,-0.623,-0.599
71687.000,0.452,-0.962,-1.160
71688.000,0.299,-1.032,-0.398
71689.000,0.264,-1.291,0.047
71690.000,0.255,-1.421,0.036
71691.000,0.389,-1.461,-0.091
71692.000,0.264,-1.640,-0.133
71693.000,0.165,-1.191,0.036
71694.000,0.183,-0.942,-0.260
71695.000,0.093,-0.384,-0.504
71696.000,0.093,0.035,-1.023
71697.000,0.021,0.065,-1.319
71698.000,0.084,0.214,-1.266
71699.000,0.192,0.204,-1.023
71700.000,-0.096,0.264,-0.853
71701.000,-0.114,0.055,-1.139
71702.000,-0.006,-0.025,-1.023
71703.000,0.084,-0.005,-0.832
71704.000,-0.024,-0.015,-0.917
71705.000,-0.096,-0.045,-1.012
71706.000,-0.033,0.045,-1.023
71707.000,0.039,0.204,-1.171
71708.000,0.075,0.324,-1.351
71709.000,0.084,0.653,-1.340
71710.000,0.030,1.032,-1.552
71711.000,-0.114,1.390,-1.880
71712.000,-0.132,1.241,-2.092
71713.000,-0.078,1.101,-2.272
71714.000,-0.006,1.221,-1.965
71715.000,-0.006,1.181,-1.626
71716.000,0.075,0.752,-1.139
71717.000,-0.087,0.005,-0.123
71718.000,0.380,0.254,0.364
71719.000,0.695,0.164,0.269
71720.000,0.757,0.344,-0.207
71721.000,0.910,0.513,-0.419
71722.000,1.108,0.314,-0.800
71723.000,0.982,-0.135,-1.065
71724.000,0.856,-0.434,-0.874
71725.000,0.731,-0.623,-0.790
71726.000,0.551,-0.663,-0.472
71727.000,0.533,-0.813,-0.366
71728.000,0.578,-0.843,-0.123
71729.000,0.722,-0.982,-0.133
71730.000,0.847,-1.112,-0.239
71731.000,0.838,-1.072,-0.599
71732.000,0.802,-0.853,-1.118
71733.000,0.757,-0.783,-1.308
71734.000,0.739,-0.703,-1.330
71735.000,0.722,-0.863,-1.340
71736.000,0.515,-0.833,-1.340
71737.000,0.479,-0.843,-1.224
71738.000,0.515,-0.833,-1.287
71739.000,0.452,-0.793,-1.510
71740.000,0.686,-0.354,-2.060
71741.000,0.686,-0.334,-2.050
71742.000,0.659,-0.314,-2.018
71743.000,0.641,-0.314,-2.007
71744.000,0.605,-0.324,-2.028
71745.000,0.470,-0.005,-2.092
71746.000,0.578,0.334,-2.039
71747.000,0.632,1.191,-2.166
71748.000,1.206,1.640,-2.335
71749.000,1.269,1.889,-2.642
71750.000,0.964,1.670,-2.420
71751.000,0.587,1.660,-1.277
71752.000,0.407,1.301,-0.345
71753.000,0.425,0.394,-0.377
71754.000,0.299,0.204,-0.282
71755.000,0.470,0.164,0.047
71756.000,0.497,0.244,-0.250
71757.000,0.434,0.164,-0.451
71758.000,0.210,-0.015,-0.525
71759.000,0.138,-0.284,-0.525
71760.000,0.138,-0.583,-0.303
71761.000,0.174,-0.922,-0.387
71762.000,0.237,-1.221,-0.292
71763.000,0.219,-1.361,-0.239
71764.000,0.389,-1.271,0.057
71765.000,0.461,-1.102,-0.049
71766.000,0.560,-0.863,-0.282
71767.000,0.461,-0.683,-0.673
71768.000,0.452,-0.683,-0.726
71769.000,0.308,-0.484,-1.054
71770.000,0.174,0.005,-0.800
71771.000,0.120,0.114,-0.557
71772.000,0.174,0.404,-0.906
71773.000,0.282,0.423,-1.171
71774.000,0.264,0.583,-1.510
71775.000,0.183,0.922,-1.615
71776.000,0.102,1.311,-1.615
71777.000,-0.042,1.630,-1.732
71778.000,-0.141,1.560,-1.795
71779.000,-0.033,1.360,-1.795
71780.000,0.066,1.041,-1.795
71781.000,-0.087,1.360,-1.488
71782.000,0.560,1.460,-0.737
71783.000,0.757,1.041,-0.705
71784.000,1.072,0.234,-0.970
71785.000,1.350,-0.025,-0.102
71786.000,1.485,-0.175,-0.218
71787.000,1.188,-0.324,-0.652
71788.000,1.197,-0.434,-0.589
71789.000,1.287,-0.434,-0.663
71790.000,1.027,-0.613,-1.118
71791.000,0.829,-0.813,-1.351
71792.000,0.704,-0.952,-1.234
71793.000,0.704,-1.072,-0.885
71794.000,0.416,-1.182,-0.260
71795.000,0.273,-1.152,-0.239
71796.000,0.389,-1.510,-0.123
71797.000,0.264,-1.670,-0.409
71798.000,0.344,-1.530,-0.610
71799.000,0.425,-1.201,-0.906
71800.000,0.317,-0.922,-1.150
71801.000,0.192,-0.773,-1.245
71802.000,0.344,-0.434,-1.488
71803.000,0.362,-0.055,-1.721
71804.000,0.461,0.204,-1.975
71805.000,0.569,0.294,-2.060
71806.000,0.506,0.304,-2.251
71807.000,0.587,0.483,-2.335
71808.000,0.614,0.384,-2.357
71809.000,0.802,0.334,-2.071
71810.000,0.686,1.640,-2.134
71811.000,1.314,1.331,-1.690
71812.000,0.192,1.660,-1.933
71813.000,0.237,0.952,-0.917
71814.000,-0.194,0.284,-0.038
71815.000,0.003,0.204,0.280
71816.000,0.228,0.184,0.322
71817.000,0.515,0.304,0.068
71818.000,0.470,0.234,-0.218
71819.000,0.299,0.124,-0.642
71820.000,0.183,-0.175,-0.800
71821.000,0.075,-0.384,-0.557
71822.000,0.192,-0.803,-0.292
71823.000,0.174,-1.102,-0.271
71824.000,0.129,-1.321,-0.303
71825.000,0.048,-1.241,-0.027
71826.000,0.057,-0.912,0.089
71827.000,0.048,-0.773,-0.080
71828.000,0.084,-0.553,-0.377
71829.000,0.048,-0.364,-0.472
71830.000,-0.015,-0.095,-0.631
71831.000,0.030,0.015,-0.663
71832.000,-0.042,0.124,-0.546
71833.000,-0.015,0.154,-0.525
71834.000,-0.006,0.164,-0.557
71835.000,0.057,0.314,-0.536
71836.000,-0.060,0.663,-0.747
71837.000,0.030,0.842,-0.832
71838.000,0.066,0.852,-1.234
71839.000,0.057,0.693,-1.668
71840.000,-0.051,0.613,-1.827
71841.000,-0.150,0.882,-1.658
71842.000,0.111,1.221,-1.256
71843.000,0.452,1.610,-1.266
71844.000,0.398,1.640,-1.001
71845.000,0.587,1.849,-0.705
71846.000,0.820,1.231,-0.631
71847.000,1.386,0.304,-0.737
71848.000,1.539,0.055,-0.504
71849.000,1.700,0.184,0.184
71850.000,1.458,0.134,-0.144
71851.000,1.171,-0.075,-0.906
71852.000,1.108,-0.055,-0.779
71853.000,1.090,-0.195,-0.663
71854.000,0.901,-0.563,-0.949
71855.000,0.829,-0.673,-0.737
71856.000,0.641,-0.773,-0.589
71857.000,0.533,-0.922,-0.345
71858.000,0.614,-1.112,-0.186
71859.000,0.650,-1.341,-0.102
71860.000,0.551,-1.082,-0.546
71861.000,0.533,-1.022,-0.705
71862.000,0.560,-0.932,-0.843
71863.000,0.551,-0.813,-1.076
71864.000,0.605,-0.703,-1.181
71865.000,0.425,-0.633,-1.181
71866.000,0.255,-0.534,-1.245
71867.000,0.084,-0.334,-1.298
71868.000,0.183,-0.444,-1.478
71869.000,0.147,-0.294,-1.351
71870.000,0.299,-0.225,-1.393
71871.000,0.407,0.045,-1.541
71872.000,0.371,0.284,-1.944
71873.000,0.416,0.443,-2.367
71874.000,0.353,0.623,-2.579
71875.000,0.282,0.972,-2.198
71876.000,0.515,1.610,-1.743
71877.000,0.820,1.919,-1.806
71878.000,0.641,1.580,-2.124
71879.000,0.344,0.892,-1.478
71880.000,0.174,0.583,-0.387
71881.000,-0.069,0.404,0.735
71882.000,0.273,0.304,0.872
71883.000,0.362,0.503,0.460
71884.000,0.515,0.304,-0.409
71885.000,0.201,-0.005,-1.012
71886.000,0.039,-0.494,-0.832
71887.000,0.003,-0.783,-0.229
71888.000,0.129,-1.072,0.216
71889.000,0.174,-1.331,0.142
71890.000,0.219,-1.570,-0.144
71891.000,0.210,-1.481,-0.080
71892.000,0.362,-1.291,0.025
71893.000,0.282,-1.102,-0.091
71894.000,0.371,-0.653,-0.398
71895.000,0.362,-0.234,-0.811
71896.000,0.201,-0.055,-0.896
71897.000,0.147,0.244,-0.959
71898.000,-0.033,0.643,-1.012
71899.000,0.021,0.842,-1.287
71900.000,0.093,1.161,-1.467
71901.000,0.174,1.430,-1.488
71902.000,0.120,1.440,-1.658
71903.000,0.138,1.699,-1.901
71904.000,-0.033,1.899,-1.806
71905.000,0.066,1.799,-1.690
71906.000,0.057,1.869,-1.764
71907.000,0.317,1.869,-1.001
71908.000,1.090,1.251,-1.277
71909.000,1.404,0.593,-1.065
71910.000,1.323,-0.753,-0.949
71911.000,1.341,-0.773,-0.959
71912.000,1.377,-0.693,-0.874
71913.000,1.386,-1.012,-0.917
71914.000,1.117,-1.311,-0.949
71915.000,0.829,-1.620,-0.779
71916.000,0.659,-1.670,-0.419
71917.000,0.506,-1.740,-0.027
71918.000,0.739,-1.919,-0.017
71919.000,0.695,-1.829,-0.059
71920.000,0.542,-1.889,-0.250
71921.000,0.515,-1.849,-0.430
71922.000,0.434,-1.361,-0.832
71923.000,0.497,-0.733,-1.097
71924.000,0.317,-0.324,-1.637
71925.000,0.407,-0.035,-1.774
71926.000,0.524,0.164,-1.912
71927.000,0.533,0.334,-2.007
71928.000,0.605,0.573,-2.018
71929.000,0.542,0.513,-2.166
71930.000,0.578,0.573,-2.102
71931.000,0.722,0.732,-2.081
71932.000,0.739,1.061,-2.251
71933.000,0.686,1.321,-2.452
71934.000,0.865,1.959,-2.177
71935.000,1.036,1.949,-1.573
71936.000,1.000,1.331,-1.393
71937.000,0.299,0.673,-1.319
71938.000,0.335,0.463,-0.123
71939.000,0.461,0.104,0.248
71940.000,0.416,0.015,0.258
71941.000,0.299,-0.175,0.142
71942.000,0.201,-0.723,-0.589
71943.000,0.407,-1.052,-0.980
71944.000,0.524,-1.291,-0.673
71945.000,0.461,-1.351,-0.260
71946.000,0.479,-1.610,-0.080
71947.000,0.596,-1.790,-0.038
71948.000,0.461,-1.710,-0.059
71949.000,0.452,-1.481,-0.017
71950.000,0.389,-1.172,-0.260
71951.000,0.138,-0.593,-0.684
71952.000,0.030,0.075,-1.012
71953.000,-0.078,0.234,-1.192
71954.000,-0.239,0.543,-1.467
71955.000,-0.221,0.742,-1.425
71956.000,-0.203,0.742,-1.510
71957.000,0.147,0.892,-1.668
71958.000,0.237,0.912,-1.774
71959.000,0.273,1.111,-1.785
71960.000,0.299,1.351,-1.848
71961.000,0.165,1.859,-1.743
71962.000,0.210,2.078,-1.944
71963.000,0.407,1.959,-1.848
71964.000,0.506,1.739,-0.927
71965.000,0.766,1.241,-0.472
71966.000,1.359,0.653,-1.044
71967.000,1.880,0.134,-0.970
71968.000,2.060,-0.225,-0.991
71969.000,1.718,-0.284,-1.139
71970.000,1.386,-0.444,-1.383
71971.000,1.153,-0.623,-1.128
71972.000,0.883,-0.454,-1.033
71973.000,0.605,-0.982,-0.462
71974.000,0.452,-1.351,-0.419
71975.000,0.362,-1.690,-0.123
71976.000,0.353,-1.879,0.068
71977.000,0.380,-2.029,-0.038
71978.000,0.353,-2.019,0.068
71979.000,0.308,-1.839,-0.271
71980.000,0.344,-1.570,-0.250
71981.000,0.282,-1.191,-0.959
71982.000,0.156,-0.633,-1.404
71983.000,0.273,-0.414,-1.679
71984.000,0.425,-0.115,-1.954
71985.000,0.524,0.094,-2.177
71986.000,0.362,0.404,-2.187
71987.000,0.228,0.453,-2.304
71988.000,0.273,0.324,-2.431
71989.000,0.389,0.573,-2.155
71990.000,0.533,0.653,-2.198
71991.000,0.524,0.852,-2.272
71992.000,0.731,1.360,-2.124
71993.000,1.180,1.879,-1.848
71994.000,0.991,1.799,-2.304
71995.000,0.398,1.560,-2.537
71996.000,0.084,0.962,-1.319
71997.000,0.075,0.433,-0.419
71998.000,0.075,0.025,0.100
71999.000,0.147,-0.155,0.407
72000.000,0.093,-0.234,0.163
72001.000,0.290,-0.553,-0.123
72002.000,0.488,-0.962,-0.536
72003.000,0.255,-1.191,-0.663
72004.000,0.398,-1.241,-0.059
72005.000,0.515,-1.660,-0.186
72006.000,0.605,-1.710,-0.080
72007.000,0.668,-1.670,0.036
72008.000,0.470,-1.361,-0.059
72009.000,0.443,-1.142,-0.260
72010.000,0.398,-0.643,-0.663
72011.000,0.273,-0.294,-1.118
72012.000,0.066,0.144,-1.488
72013.000,-0.060,0.503,-1.584
72014.000,0.012,0.992,-1.330
72015.000,-0.015,1.002,-1.256
72016.000,-0.132,1.221,-1.393
72017.000,-0.033,1.291,-1.922
72018.000,-0.015,1.221,-1.838
72019.000,0.120,1.660,-1.743
72020.000,0.102,1.959,-1.690
72021.000,0.443,2.597,-1.563
72022.000,0.748,1.989,-1.245
72023.000,1.081,1.301,-1.700
72024.000,1.485,0.623,-1.541
72025.000,1.790,0.194,-0.282
72026.000,2.033,-0.643,-0.229
72027.000,1.826,-0.514,-0.599
72028.000,1.575,-0.663,-0.885
72029.000,1.611,-0.922,-0.896
72030.000,1.269,-1.231,-1.203
72031.000,0.928,-1.371,-0.896
72032.000,0.793,-1.331,-0.578
72033.000,0.425,-1.411,-0.419
72034.000,0.452,-1.640,-0.027
72035.000,0.407,-1.700,-0.144
72036.000,0.488,-1.899,-0.144
72037.000,0.524,-2.188,-0.133
72038.000,0.434,-1.491,-0.292
72039.000,0.434,-1.281,-0.673
72040.000,0.578,-0.753,-1.097
72041.000,0.704,-0.215,-1.626
72042.000,0.811,0.304,-1.880
72043.000,0.793,0.553,-1.795
72044.000,0.695,0.603,-2.325
72045.000,0.784,0.633,-2.515
72046.000,0.820,0.882,-2.304
72047.000,0.587,0.713,-2.050
72048.000,0.407,0.962,-2.060
72049.000,0.416,1.211,-2.028
72050.000,0.802,1.979,-2.028
72051.000,1.404,1.769,-1.414
72052.000,1.135,1.660,-1.266
72053.000,0.290,0.613,-1.181
72054.000,-0.194,0.623,-0.525
72055.000,-0.051,0.812,0.671
72056.000,0.138,0.852,0.745
72057.000,0.102,0.603,0.724
72058.000,0.075,0.124,0.502
72059.000,0.084,-0.274,0.385
72060.000,0.308,-0.753,-0.091
72061.000,0.587,-1.371,-0.377
72062.000,0.650,-1.819,-0.472
72063.000,0.587,-1.750,0.025
72064.000,0.488,-1.251,0.195
72065.000,0.264,-1.032,0.089
72066.000,0.237,-0.673,-0.070
72067.000,0.201,-0.414,-0.207
72068.000,0.264,-0.314,-0.239
72069.000,0.120,-0.354,-0.292
72070.000,0.093,-0.234,-0.589
72071.000,0.290,-0.095,-0.811
72072.000,0.192,0.264,-1.361
72073.000,0.012,0.543,-1.319
72074.000,-0.275,0.912,-1.287
72075.000,-0.248,1.141,-1.308
72076.000,-0.293,1.360,-1.753
72077.000,-0.257,1.450,-1.986
72078.000,-0.239,1.470,-2.272
72079.000,-0.383,1.640,-2.251
72080.000,0.569,-1.012,-0.324
72081.000,0.551,-1.002,-0.324
72082.000,0.542,-0.982,-0.334
72083.000,0.515,-0.972,-0.345
72084.000,0.497,-0.972,-0.356
72085.000,0.506,-0.962,-0.345
72086.000,0.515,-0.942,-0.334
72087.000,0.542,-1.042,-0.271
72088.000,0.542,-1.122,-0.207
72089.000,0.605,-1.231,-0.271
72090.000,0.793,-1.271,-0.546
72091.000,0.739,-1.191,-0.705
72092.000,0.757,-0.922,-0.938
72093.000,0.829,-0.773,-1.054
72094.000,0.811,-0.753,-1.118
72095.000,0.793,-0.703,-1.308
72096.000,0.587,-0.603,-1.393
72097.000,0.722,-0.693,-1.256
72098.000,0.461,-0.793,-1.308
72099.000,0.865,-0.683,-1.457
72100.000,0.928,-0.713,-1.637
72101.000,0.784,-0.723,-1.922
72102.000,0.668,-0.504,-1.785
72103.000,0.748,-0.324,-1.626
72104.000,0.739,0.104,-1.541
72105.000,0.748,0.423,-1.944
72106.000,0.946,0.633,-2.282
72107.000,0.937,0.922,-2.642
72108.000,0.784,1.022,-3.013
72109.000,0.425,1.829,-2.367
72110.000,1.637,2.268,-1.944
72111.000,1.449,1.410,-2.251
72112.000,0.416,0.922,-2.547
72113.000,0.273,0.683,-0.271
72114.000,0.317,0.643,0.904
72115.000,0.668,0.742,1.243
72116.000,0.596,0.942,0.470
72117.000,0.632,0.653,-0.345
72118.000,0.722,-0.025,-1.107
72119.000,0.335,-0.623,-1.520
72120.000,0.299,-1.201,-0.980
72121.000,0.407,-1.261,0.195
72122.000,0.739,-1.620,0.417
72123.000,1.117,-2.069,0.015
72124.000,0.811,-1.640,-0.313
72125.000,0.668,-1.301,-0.430
72126.000,0.659,-0.922,-0.726
72127.000,0.614,-0.583,-0.610
72128.000,0.623,-0.593,-0.451
72129.000,0.488,-0.225,-0.652
72130.000,0.228,-0.015,-0.800
72131.000,0.264,0.164,-1.213
72132.000,0.066,0.643,-1.563
72133.000,0.138,0.872,-1.700
72134.000,-0.042,1.051,-1.785
72135.000,-0.185,1.221,-1.901
72136.000,0.012,1.420,-1.848
72137.000,-0.167,1.500,-1.594
72138.000,-0.293,1.341,-1.361
72139.000,-0.006,1.360,-1.319
72140.000,0.147,1.650,-1.266
72141.000,0.551,1.271,-0.885
72142.000,1.395,0.762,-1.319
72143.000,1.251,0.364,-1.224
72144.000,1.009,0.224,-0.589
72145.000,0.811,0.344,-0.462
72146.000,0.524,-0.105,-0.419
72147.000,0.497,-0.354,-0.430
72148.000,0.578,-0.693,-0.419
72149.000,0.479,-1.172,-0.493
72150.000,0.273,-1.281,-0.546
72151.000,0.371,-1.640,-0.334
72152.000,0.398,-1.640,-0.165
72153.000,0.641,-1.790,-0.483
72154.000,0.632,-1.750,-0.525
72155.000,0.623,-1.720,-0.811
72156.000,0.605,-1.471,-0.790
72157.000,0.443,-1.092,-1.171
72158.000,0.273,-0.613,-1.393
72159.000,0.174,-0.374,-1.605
72160.000,0.228,-0.294,-1.605
72161.000,0.255,-0.434,-1.531
72162.000,0.344,-0.444,-1.488
72163.000,0.506,-0.434,-1.637
72164.000,0.461,-0.264,-1.658
72165.000,0.497,-0.254,-1.880
72166.000,0.461,-0.264,-2.272
72167.000,0.362,-0.055,-2.145
72168.000,0.299,0.274,-2.155
72169.000,0.335,0.404,-2.155
72170.000,0.362,0.862,-2.240
72171.000,0.461,1.670,-2.219
72172.000,1.162,2.198,-2.229
72173.000,0.632,1.789,-2.420
72174.000,0.174,0.952,-1.436
72175.000,0.021,0.553,-0.324
72176.000,0.084,0.085,0.417
72177.000,0.210,-0.085,0.597
72178.000,0.515,-0.055,0.745
72179.000,0.686,0.284,0.534
72180.000,0.560,0.244,0.100
72181.000,-0.042,0.085,-0.631
72182.000,-0.042,-0.414,-1.118
72183.000,0.102,-0.414,-0.663
72184.000,0.165,-0.364,-0.027
72185.000,0.228,-0.613,0.025
72186.000,0.012,-0.693,0.015
72187.000,0.048,-0.673,0.057
72188.000,-0.015,-0.623,0.089
72189.000,-0.006,-0.593,-0.027
72190.000,0.003,-0.494,-0.112
72191.000,0.048,-0.304,-0.282
72192.000,0.012,-0.165,-0.409
72193.000,-0.015,-0.035,-0.324
72194.000,-0.114,-0.065,-0.536
72195.000,-0.105,-0.065,-0.546
72196.000,-0.078,-0.035,-0.652
72197.000,-0.087,0.035,-0.705
72198.000,-0.033,0.045,-0.705
72199.000,0.057,-0.175,-0.811
72200.000,-0.033,-0.085,-0.737
72201.000,0.030,-0.175,-1.001
72202.000,-0.060,-0.065,-0.874
72203.000,-0.024,-0.165,-0.800
72204.000,0.057,-0.155,-0.938
72205.000,-0.033,-0.165,-0.991
72206.000,-0.105,-0.155,-0.853
72207.000,-0.248,-0.055,-0.864
72208.000,-0.167,-0.085,-0.991
72209.000,-0.096,0.005,-1.139
72210.000,-0.015,0.025,-1.351
72211.000,-0.132,0.124,-1.732
72212.000,-0.266,0.294,-1.647
72213.000,-0.527,0.732,-1.446
72214.000,-0.599,0.932,-1.563
72215.000,-0.383,1.341,-1.372
72216.000,-0.320,1.889,-1.499
72217.000,-0.167,2.427,-1.679
72218.000,0.210,2.527,-1.446
72219.000,0.569,1.739,-1.224
72220.000,0.919,0.732,-0.864
72221.000,1.036,0.364,-0.239
72222.000,1.377,0.075,-0.049
72223.000,1.368,0.065,-0.536
72224.000,1.206,0.164,-0.440
72225.000,0.748,-0.175,-0.642
72226.000,0.695,-0.444,-0.610
72227.000,0.722,-0.544,-0.292
72228.000,0.748,-0.803,-0.409
72229.000,0.686,-1.052,-0.514
72230.000,0.757,-1.172,-0.377
72231.000,0.713,-1.231,-0.282
72232.000,0.605,-1.411,-0.440
72233.000,0.542,-1.251,-0.514
72234.000,0.470,-1.082,-0.726
72235.000,0.353,-0.942,-0.843
72236.000,0.371,-0.683,-0.970
72237.000,0.452,-0.553,-1.181
72238.000,0.488,-0.374,-1.181
72239.000,0.479,-0.334,-1.287
72240.000,0.479,-0.284,-1.531
72241.000,0.371,-0.254,-1.721
72242.000,0.264,-0.065,-1.573
72243.000,0.353,0.104,-1.658
72244.000,0.344,0.224,-1.690
72245.000,0.389,0.354,-1.859
72246.000,0.299,0.683,-1.785
72247.000,0.506,1.041,-1.922
72248.000,0.641,1.769,-1.954
72249.000,1.180,2.198,-1.446
72250.000,0.497,-1.022,-0.440
72251.000,0.497,-1.002,-0.440
72252.000,0.515,-1.002,-0.440
72253.000,0.497,-1.012,-0.430
72254.000,0.506,-1.022,-0.430
72255.000,0.317,-1.261,-0.260
72256.000,0.380,-1.510,0.025
72257.000,0.443,-1.610,-0.017
72258.000,0.470,-1.740,0.036
72259.000,0.317,-1.670,0.131
72260.000,0.264,-1.331,0.089
72261.000,0.246,-0.733,-0.229
72262.000,0.138,-0.234,-0.313
72263.000,0.030,0.234,-0.620
72264.000,-0.212,0.573,-1.001
72265.000,-0.167,0.673,-1.541
72266.000,0.003,0.613,-1.393
72267.000,0.147,0.543,-1.393
72268.000,0.147,0.423,-1.340
72269.000,0.057,0.314,-1.457
72270.000,0.138,0.184,-1.266
72271.000,0.057,0.184,-1.012
72272.000,0.030,0.384,-1.044
72273.000,-0.024,0.713,-1.266
72274.000,0.255,1.041,-1.488
72275.000,0.174,1.759,-1.425
72276.000,-0.006,1.949,-1.330
72277.000,0.219,2.397,-1.181
72278.000,0.739,1.998,-1.764
72279.000,1.117,1.121,-1.965
72280.000,1.323,0.224,-1.372
72281.000,1.413,0.164,0.047
72282.000,1.979,-0.105,0.703
72283.000,1.907,-0.095,-0.716
72284.000,1.736,-0.314,-1.488
72285.000,1.332,-0.494,-1.679
72286.000,0.757,-0.524,-1.340
72287.000,0.434,-0.723,-0.843
72288.000,0.228,-1.042,-0.409
72289.000,0.246,-1.451,-0.123
72290.000,0.434,-1.710,0.089
72291.000,0.560,-1.819,0.227
72292.000,0.695,-2.039,0.269
72293.000,0.515,-1.750,-0.155
72294.000,0.623,-1.550,-0.356
72295.000,0.578,-1.092,-0.843
72296.000,0.650,-0.673,-1.012
72297.000,0.587,-0.254,-1.393
72298.000,0.542,-0.075,-1.658
72299.000,0.614,0.005,-1.848
72300.000,0.560,0.075,-1.922
72301.000,0.461,0.304,-1.986
72302.000,0.290,0.274,-1.954
72303.000,0.317,0.623,-1.859
72304.000,0.470,0.832,-1.827
72305.000,0.560,1.111,-2.007
72306.000,0.946,1.789,-2.050
72307.000,1.673,2.557,-2.505
72308.000,1.314,2.028,-2.706
72309.000,1.009,1.480,-2.071
72310.000,0.829,0.643,-1.234
72311.000,0.847,0.334,-0.483
72312.000,0.865,0.114,0.047
72313.000,0.856,-0.105,-0.027
72314.000,0.686,-0.254,-0.409
72315.000,0.425,-0.553,-0.536
72316.000,0.335,-0.912,-0.525
72317.000,0.380,-1.201,-0.260
72318.000,0.416,-1.560,-0.133
72319.000,0.461,-1.700,0.057
72320.000,0.479,-1.889,0.110
72321.000,0.569,-1.899,0.110
72322.000,0.551,-1.580,-0.144
72323.000,0.533,-1.172,-0.260
72324.000,0.407,-0.693,-0.589
72325.000,0.344,-0.075,-0.673
72326.000,0.156,0.284,-0.980
72327.000,0.165,0.344,-1.150
72328.000,0.246,0.643,-1.425
72329.000,0.075,1.081,-1.510
72330.000,0.165,0.952,-1.944
72331.000,0.524,1.141,-2.124
72332.000,0.569,1.351,-1.870
72333.000,0.461,1.460,-1.827
72334.000,0.219,1.370,-1.944
72335.000,0.569,1.141,-1.859
72336.000,1.045,1.480,-1.859
72337.000,1.476,1.241,-1.298
72338.000,1.287,1.121,-0.133
72339.000,2.104,0.543,-0.271
72340.000,2.410,0.294,-1.531
72341.000,2.275,0.364,-1.488
72342.000,1.808,0.274,-0.779
72343.000,1.305,-0.374,-0.864
72344.000,0.928,-0.833,-0.864
72345.000,0.784,-1.072,-0.885
72346.000,0.506,-1.949,-0.440
72347.000,0.443,-1.451,-0.229
72348.000,0.425,-1.849,0.004
72349.000,0.488,-1.819,0.015
72350.000,0.677,-2.129,0.131
72351.000,0.443,-1.859,-0.155
72352.000,0.533,-1.720,-0.282
72353.000,0.515,-1.421,-0.642
72354.000,0.452,-1.052,-1.150
72355.000,0.389,-0.613,-1.425
72356.000,0.317,-0.324,-1.891
72357.000,0.282,-0.095,-1.965
72358.000,0.434,0.055,-2.071
72359.000,0.461,0.234,-1.986
72360.000,0.461,0.413,-1.806
72361.000,0.389,0.443,-1.912
72362.000,0.407,0.553,-2.124
72363.000,0.623,0.563,-2.293
72364.000,0.757,0.722,-2.537
72365.000,0.713,1.231,-2.420
72366.000,1.108,2.118,-2.050
72367.000,1.359,2.178,-2.071
72368.000,1.054,1.719,-2.484
72369.000,0.380,0.842,-2.240
72370.000,0.371,0.543,-0.567
72371.000,0.497,0.104,0.174
72372.000,0.632,-0.035,0.332
72373.000,0.425,-0.205,0.184
72374.000,0.335,-0.593,-0.398
72375.000,0.389,-1.042,-0.800
72376.000,0.380,-1.271,-0.546
72377.000,0.533,-1.660,-0.218
72378.000,0.470,-1.690,-0.091
72379.000,0.479,-1.979,-0.133
72380.000,0.425,-1.939,-0.155
72381.000,0.596,-1.819,-0.059
72382.000,0.398,-1.451,-0.229
72383.000,0.147,-0.853,-0.599
72384.000,-0.096,-0.334,-1.023
72385.000,-0.410,0.154,-1.044
72386.000,-0.518,0.423,-0.864
72387.000,-0.293,0.513,-0.970
72388.000,-0.167,0.453,-1.192
72389.000,-0.132,0.404,-1.351
72390.000,0.048,0.423,-1.340
72391.000,0.398,0.344,-1.383
72392.000,0.488,0.354,-1.393
72393.000,0.380,0.503,-1.351
72394.000,0.129,0.902,-1.361
72395.000,0.057,1.241,-1.531
72396.000,0.219,1.640,-1.510
72397.000,0.560,1.670,-1.404
72398.000,0.362,1.341,-1.097
72399.000,0.255,1.779,-0.737
72400.000,0.838,1.530,-1.012
72401.000,1.180,1.520,-1.436
72402.000,1.332,0.932,-1.065
72403.000,1.494,0.374,-0.620
72404.000,1.126,0.154,-0.292
72405.000,0.973,0.085,-0.726
72406.000,1.144,-0.095,-0.663
72407.000,1.260,-0.573,-0.991
72408.000,1.063,-0.803,-0.832
72409.000,0.865,-1.092,-0.652
72410.000,0.605,-1.431,-0.504
72411.000,0.461,-1.610,-0.239
72412.000,0.596,-1.859,-0.218
72413.000,0.497,-2.029,0.057
72414.000,0.317,-1.819,0.131
72415.000,0.246,-1.491,-0.123
72416.000,0.317,-1.152,-0.430
72417.000,0.371,-0.823,-0.726
72418.000,0.353,-0.553,-1.245
72419.000,0.219,-0.394,-1.563
72420.000,0.093,0.523,-1.880
72421.000,0.120,0.523,-1.848
72422.000,0.192,0.673,-1.774
72423.000,0.228,0.982,-1.668
72424.000,0.255,0.802,-2.166
72425.000,0.183,0.623,-2.229
72426.000,0.219,0.304,-2.071
72427.000,0.335,0.523,-1.690
72428.000,0.587,1.161,-1.023
72429.000,0.910,1.370,-0.821
72430.000,0.784,1.520,-1.234
72431.000,0.282,1.151,-1.668
72432.000,0.039,1.012,-0.440
72433.000,0.102,0.593,0.290
72434.000,0.084,0.294,0.438
72435.000,0.057,0.184,0.089
72436.000,-0.015,0.045,-0.313
72437.000,0.093,-0.155,-0.504
72438.000,0.102,-0.234,-0.387
72439.000,0.246,-0.524,-0.260
72440.000,0.192,-0.882,-0.070
72441.000,0.219,-1.012,-0.165
72442.000,0.273,-1.191,-0.377
72443.000,0.371,-0.992,-0.260
72444.000,0.371,-0.863,-0.260
72445.000,0.255,-0.713,-0.493
72446.000,0.120,-0.633,-0.631
72447.000,0.111,-0.514,-0.546
72448.000,0.111,-0.563,-0.546
72449.000,0.201,-0.494,-0.737
72450.000,0.192,-0.414,-0.864
72451.000,0.075,-0.314,-0.938
72452.000,0.093,-0.234,-1.023
72453.000,0.048,-0.165,-1.076
72454.000,-0.024,-0.085,-1.192
72455.000,-0.024,0.204,-1.224
72456.000,-0.078,0.394,-1.446
72457.000,-0.096,0.683,-1.817
72458.000,-0.230,1.081,-2.155
72459.000,-0.329,1.091,-2.187
72460.000,-0.392,1.450,-1.933
72461.000,-0.365,1.640,-1.901
72462.000,-0.132,1.759,-1.425
72463.000,0.308,1.959,-1.160
72464.000,0.326,1.241,-1.224
72465.000,0.802,1.041,-0.631
72466.000,1.072,1.201,0.460
72467.000,1.180,0.832,0.184
72468.000,1.144,0.244,-0.313
72469.000,1.108,-0.115,-0.186
72470.000,1.063,-0.553,-0.356
72471.000,0.955,-0.912,-0.377
72472.000,0.847,-1.152,-0.430
72473.000,0.811,-1.032,-0.356
72474.000,0.757,-1.022,-0.250
72475.000,0.632,-1.082,-0.324
72476.000,0.695,-1.102,-0.324
72477.000,0.596,-0.972,-0.440
72478.000,0.704,-1.052,-0.546
72479.000,0.542,-0.882,-0.578
72480.000,0.515,-0.613,-0.970
72481.000,0.569,-0.633,-1.181
72482.000,0.551,-0.573,-1.308
72483.000,0.515,-0.494,-1.488
72484.000,0.317,-0.553,-1.563
72485.000,0.255,-0.444,-1.425
72486.000,0.156,-0.394,-1.213
72487.000,0.210,-0.424,-1.097
72488.000,0.273,-0.264,-1.150
72489.000,0.362,-0.234,-1.372
72490.000,0.237,-0.244,-1.520
72491.000,0.273,-0.364,-1.510
72492.000,0.282,-0.484,-1.774
72493.000,0.147,-0.743,-2.050
72494.000,0.093,-0.573,-1.690
72495.000,0.021,-0.304,-1.457
72496.000,0.021,-0.175,-1.436
72497.000,-0.194,-0.105,-1.679
72498.000,0.057,0.643,-1.743
72499.000,0.829,1.161,-1.774
72500.000,-0.006,1.500,-2.738
72501.000,-0.006,1.550,-1.795
72502.000,-0.114,1.440,-1.171
72503.000,-0.060,1.510,-0.462
72504.000,0.192,1.211,-0.303
72505.000,0.506,0.603,-0.102
72506.000,0.219,0.663,0.068
72507.000,0.120,0.543,-0.229
72508.000,0.012,0.234,-0.176
72509.000,-0.141,0.075,-0.387
72510.000,-0.141,0.045,-0.260
72511.000,-0.176,-0.095,-0.229
72512.000,-0.132,-0.254,-0.059
72513.000,-0.033,-0.524,-0.091
72514.000,-0.069,-0.833,-0.155
72515.000,0.012,-1.072,-0.218
72516.000,-0.078,-1.201,-0.155
72517.000,-0.024,-1.191,-0.165
72518.000,0.066,-1.002,-0.070
72519.000,0.066,-0.952,-0.165
72520.000,0.075,-0.723,-0.356
72521.000,-0.051,-0.434,-0.578
72522.000,-0.060,-0.314,-0.705
72523.000,-0.132,-0.185,-0.747
72524.000,-0.132,0.184,-0.620
72525.000,-0.123,0.384,-0.705
72526.000,-0.015,0.483,-0.843
72527.000,0.084,0.623,-1.160
72528.000,0.273,0.832,-1.457
72529.000,0.210,1.041,-1.690
72530.000,0.057,1.500,-1.859
72531.000,-0.203,2.028,-1.912
72532.000,-0.347,1.839,-1.806
72533.000,-0.257,1.909,-1.690
72534.000,-0.141,2.078,-1.107
72535.000,0.398,1.829,-1.076
72536.000,0.569,0.922,-1.594
72537.000,0.739,0.224,-0.896
72538.000,1.063,-0.095,-0.197
72539.000,1.242,-0.274,-0.038
72540.000,1.126,-0.394,-0.620
72541.000,0.704,-0.354,-0.620
72542.000,1.045,-0.544,-0.271
72543.000,0.856,-0.823,-0.409
72544.000,0.542,-1.281,-0.578
72545.000,0.371,-1.371,-0.504
72546.000,0.290,-1.520,-0.229
72547.000,0.389,-1.481,-0.133
72548.000,0.434,-1.600,-0.197
72549.000,0.425,-1.401,-0.419
72550.000,0.551,-1.341,-0.832
72551.000,0.551,-1.032,-1.065
72552.000,0.551,-0.882,-1.393
72553.000,0.605,-0.593,-1.711
72554.000,0.542,-0.354,-1.859
72555.000,0.443,-0.314,-1.806
72556.000,0.371,-0.294,-1.594
72557.000,0.515,-0.324,-1.488
72558.000,0.479,-0.464,-1.573
72559.000,0.380,-0.454,-1.870
72560.000,0.353,-0.364,-1.827
72561.000,0.461,-0.314,-1.700
72562.000,0.623,-0.145,-1.637
72563.000,0.623,0.005,-1.795
72564.000,0.623,0.085,-1.975
72565.000,0.757,0.164,-2.007
72566.000,0.524,0.553,-2.113
72567.000,1.278,1.141,-1.690
72568.000,1.215,1.231,-2.346
72569.000,0.380,1.540,-2.748
72570.000,0.353,1.470,-2.155
72571.000,0.192,0.882,-1.552
72572.000,0.183,0.364,-0.546
72573.000,0.174,0.045,0.047
72574.000,0.246,0.204,0.047
72575.000,0.506,-0.005,-0.123
72576.000,0.371,-0.115,-0.462
72577.000,0.246,-0.314,-0.694
72578.000,0.111,-0.464,-0.758
72579.000,0.219,-0.803,-0.525
72580.000,0.228,-1.042,-0.409
72581.000,0.210,-1.211,-0.250
72582.000,0.192,-1.341,-0.133
72583.000,0.066,-1.261,-0.102
72584.000,0.093,-1.082,-0.091
72585.000,0.326,-0.872,-0.409
72586.000,0.389,-0.563,-0.758
72587.000,0.264,-0.394,-1.097
72588.000,0.308,-0.215,-1.203
72589.000,0.255,-0.125,-1.351
72590.000,0.093,0.992,-2.050
72591.000,0.102,0.992,-2.060
72592.000,0.111,0.992,-2.050
72593.000,0.102,0.972,-2.081
72594.000,0.102,0.962,-2.081
72595.000,0.120,0.992,-2.092
72596.000,0.129,0.992,-2.124
72597.000,0.084,1.291,-2.208
72598.000,0.210,1.400,-2.028
72599.000,0.165,1.071,-2.071
72600.000,0.362,1.131,-1.425
72601.000,0.488,0.992,-1.118
72602.000,0.865,0.543,-0.970
72603.000,1.126,-0.075,-0.599
72604.000,1.449,-0.165,0.025
72605.000,1.718,-0.603,-0.155
72606.000,1.853,-0.344,-0.409
72607.000,1.611,-0.354,-1.160
72608.000,1.260,-0.284,-1.372
72609.000,0.937,-0.155,-1.298
72610.000,0.614,-0.155,-0.938
72611.000,0.524,-0.055,-0.864
72612.000,0.686,-0.454,-0.906
72613.000,0.856,-0.653,-0.949
72614.000,1.063,-0.633,-1.160
72615.000,0.784,-0.833,-1.224
72616.000,0.739,-0.733,-1.277
72617.000,0.596,-0.713,-1.128
72618.000,0.533,-0.803,-1.086
72619.000,0.389,-0.673,-1.287
72620.000,0.443,-0.693,-1.457
72621.000,0.623,-0.643,-1.467
72622.000,0.677,-0.563,-1.277
72623.000,0.506,-0.544,-1.234
72624.000,0.515,-0.613,-1.150
72625.000,0.497,-0.573,-1.245
72626.000,0.928,-0.414,-1.552
72627.000,0.829,-0.314,-1.711
72628.000,0.479,-0.334,-2.198
72629.000,0.273,0.094,-2.028
72630.000,0.147,0.483,-1.637
72631.000,0.156,0.952,-1.658
72632.000,0.165,1.081,-2.071
72633.000,0.569,1.480,-1.552
72634.000,1.215,2.138,-1.107
72635.000,1.817,1.311,-1.414
72636.000,0.793,0.982,-2.611
72637.000,0.488,1.351,-1.510
72638.000,0.317,1.420,0.322
72639.000,0.704,1.081,0.629
72640.000,0.713,1.041,0.830
72641.000,0.757,0.683,0.205
72642.000,0.713,0.184,-0.663
72643.000,0.443,-0.045,-0.769
72644.000,0.362,-0.364,-0.356
72645.000,0.371,-0.783,0.036
72646.000,0.542,-1.112,0.258
72647.000,0.425,-1.421,-0.059
72648.000,0.407,-1.710,-0.271
72649.000,0.407,-1.660,0.121
72650.000,0.488,-1.590,0.110
72651.000,0.497,-1.162,0.121
72652.000,0.470,-0.743,-0.197
72653.000,0.192,-0.474,-0.578
72654.000,0.093,-0.274,-1.171
72655.000,-0.024,0.483,-0.853
72656.000,-0.114,0.722,-1.065
72657.000,0.147,0.603,-1.478
72658.000,0.174,0.732,-1.541
72659.000,0.147,0.882,-1.414
72660.000,0.264,1.191,-1.256
72661.000,0.183,1.470,-1.351
72662.000,0.102,1.689,-1.626
72663.000,-0.069,1.819,-1.891
72664.000,0.066,1.879,-1.743
72665.000,0.389,1.590,-1.234
72666.000,0.614,0.772,-1.076
72667.000,1.018,0.842,0.280
72668.000,1.188,0.633,0.354
72669.000,1.673,0.214,-0.864
72670.000,1.862,0.394,-0.705
72671.000,1.413,0.384,-0.811
72672.000,0.892,0.065,-0.843
72673.000,0.766,-0.424,-0.917
72674.000,0.614,-0.663,-0.462
72675.000,0.425,-0.942,-0.578
72676.000,0.506,-1.251,-0.451
72677.000,0.614,-1.371,-0.345
72678.000,0.497,-1.142,-0.345
72679.000,0.650,-1.680,-0.398
72680.000,0.713,-1.720,-0.451
72681.000,0.515,-1.670,-0.906
72682.000,0.290,-1.461,-1.044
72683.000,0.219,-1.082,-1.192
72684.000,0.237,-0.693,-1.139
72685.000,0.156,-0.454,-1.520
72686.000,0.021,-0.244,-1.711
72687.000,-0.078,-0.105,-1.743
72688.000,-0.015,0.085,-1.637
72689.000,0.093,-0.055,-1.626
72690.000,0.290,-0.434,-1.647
72691.000,0.398,-0.544,-1.732
72692.000,0.524,-0.324,-1.901
72693.000,0.578,-0.225,-1.922
72694.000,0.515,-0.165,-2.081
72695.000,0.290,0.085,-2.177
72696.000,0.443,0.742,-2.081
72697.000,0.596,1.939,-1.827
72698.000,0.928,2.497,-2.399
72699.000,0.659,1.779,-3.002
72700.000,-0.051,1.221,-2.124
72701.000,-0.167,0.782,-0.864
72702.000,-0.114,0.224,-0.123
72703.000,-0.006,0.364,0.343
72704.000,-0.006,0.394,0.460
72705.000,0.290,0.164,0.301
72706.000,0.335,-0.304,-0.419
72707.000,0.174,-0.534,-1.160
72708.000,0.165,-0.653,-0.652
72709.000,0.470,-0.863,-0.155
72710.000,0.587,-1.281,-0.387
72711.000,0.398,-1.391,-0.387
72712.000,0.219,-1.361,-0.059
72713.000,0.138,-1.152,0.100
72714.000,0.111,-0.892,-0.229
72715.000,0.326,-0.753,-0.610
72716.000,0.560,-0.394,-1.012
72717.000,0.407,-0.394,-1.531
72718.000,0.551,-0.354,-1.446
72719.000,0.560,-0.145,-1.700
72720.000,0.479,-0.234,-1.647
72721.000,0.407,-0.304,-1.414
72722.000,0.299,-0.304,-1.245
72723.000,0.389,-0.434,-1.351
72724.000,0.461,-0.504,-1.361
72725.000,0.695,-0.673,-1.732
72726.000,0.722,-0.643,-1.891
72727.000,0.623,-0.544,-1.615
72728.000,0.353,-0.474,-1.330
72729.000,0.273,-0.334,-1.287
72730.000,0.398,-0.165,-1.499
72731.000,0.380,0.075,-1.679
72732.000,0.344,0.164,-1.891
72733.000,0.461,0.433,-2.251
72734.000,0.425,0.782,-2.050
72735.000,0.183,1.191,-1.848
72736.000,-0.185,1.899,-2.261
72737.000,-0.114,2.507,-2.589
72738.000,0.443,2.686,-2.695
72739.000,0.713,1.949,-2.409
72740.000,0.542,0.982,-1.245
72741.000,0.847,0.015,-0.747
72742.000,1.171,-0.374,-0.642
72743.000,1.539,-0.464,-0.440
72744.000,1.943,-0.384,-0.631
72745.000,1.880,-0.474,-0.927
72746.000,1.637,-0.593,-0.970
72747.000,1.341,-0.454,-1.541
72748.000,1.081,-1.112,-0.864
72749.000,0.883,-0.962,-1.150
72750.000,0.722,-0.803,-0.800
72751.000,0.632,-2.129,0.131
72752.000,0.542,-1.291,-0.176
72753.000,0.533,-1.172,-0.345
72754.000,0.820,-1.261,-0.493
72755.000,0.847,-1.072,-0.843
72756.000,0.847,-0.932,-0.843
72757.000,0.865,-0.773,-0.832
72758.000,0.838,-0.663,-0.980
72759.000,0.757,-0.474,-1.224
72760.000,0.748,-0.454,-1.351
72761.000,0.722,-0.464,-1.351
72762.000,0.704,-0.464,-1.361
72763.000,0.677,-0.474,-1.340
72764.000,0.668,-0.464,-1.361
72765.000,0.614,-0.414,-1.478
72766.000,0.605,-0.534,-1.510
72767.000,0.632,-0.464,-1.531
72768.000,0.578,-0.394,-1.764
72769.000,0.704,-0.135,-1.795
72770.000,0.722,-0.025,-1.795
72771.000,0.793,0.503,-2.399
72772.000,0.659,1.101,-2.452
72773.000,0.991,1.689,-2.452
72774.000,1.629,2.098,-2.664
72775.000,1.646,1.998,-2.537
72776.000,1.548,1.400,-1.870
72777.000,1.332,0.762,-1.076
72778.000,1.162,0.453,-0.366
72779.000,1.117,0.423,-0.059
72780.000,1.072,0.114,-0.229
72781.000,0.829,-0.215,-0.546
72782.000,0.677,-0.504,-0.546
72783.000,0.641,-0.703,-0.462
72784.000,0.650,-0.803,-0.345
72785.000,0.713,-1.241,-0.451
72786.000,0.587,-1.231,-0.377
72787.000,0.614,-1.341,-0.387
72788.000,0.488,-1.371,-0.398
72789.000,0.668,-1.381,-0.271
72790.000,0.731,-1.092,-0.123
72791.000,0.722,-0.843,-0.197
72792.000,0.596,-0.593,-0.673
72793.000,0.704,-0.125,-0.980
72794.000,0.515,0.114,-1.361
72795.000,0.326,0.254,-1.478
72796.000,0.066,0.314,-1.404
72797.000,0.353,0.114,-1.044
72798.000,0.416,0.284,-0.970
72799.000,0.632,0.433,-1.224
72800.000,0.560,0.493,-1.446
72801.000,0.506,0.483,-1.690
72802.000,0.452,0.892,-1.668
72803.000,0.416,1.071,-1.510
72804.000,0.434,1.131,-1.287
72805.000,0.739,1.600,-1.478
72806.000,0.515,1.969,-1.340
72807.000,0.731,1.959,-1.732
72808.000,1.126,1.769,-2.018
72809.000,1.188,1.480,-1.266
72810.000,1.431,0.633,-0.631
72811.000,1.503,-0.234,-0.546
72812.000,1.664,-0.324,-0.229
72813.000,1.880,-0.444,-0.409
72814.000,1.844,-0.514,-0.642
72815.000,1.718,-0.793,-0.970
72816.000,1.377,-1.112,-1.319
72817.000,1.000,-1.291,-0.800
72818.000,0.731,-1.251,-0.398
72819.000,0.569,-1.620,0.047
72820.000,0.317,-1.760,0.195
72821.000,0.308,-1.730,0.237
72822.000,0.282,-1.291,-0.080
72823.000,0.569,-1.620,-0.260
72824.000,0.560,-1.191,-0.705
72825.000,0.551,-1.072,-1.266
72826.000,0.614,-0.653,-1.563
72827.000,0.632,-0.264,-1.668
72828.000,0.659,0.035,-1.753
72829.000,0.596,0.104,-1.690
72830.000,0.551,0.164,-1.584
72831.000,0.506,0.164,-1.499
72832.000,0.560,0.065,-1.340
72833.000,0.784,0.045,-1.594
72834.000,0.937,0.154,-1.838
72835.000,0.883,0.314,-2.187
72836.000,0.910,0.762,-2.187
72837.000,1.018,1.759,-2.018
72838.000,1.682,2.268,-1.965
72839.000,1.655,2.537,-2.145
72840.000,1.485,1.490,-2.060
72841.000,0.641,0.792,-1.234
72842.000,0.551,0.274,-0.250
72843.000,0.856,0.124,0.089
72844.000,0.641,0.154,0.121
72845.000,0.416,-0.075,0.015
72846.000,0.255,-0.254,-0.102
72847.000,0.165,-0.354,-0.271
72848.000,0.299,-0.693,-0.080
72849.000,0.210,-1.042,0.004
72850.000,0.425,-1.351,0.375
72851.000,0.560,-1.491,0.301
72852.000,0.497,-1.491,-0.165
72853.000,0.811,-1.191,-0.440
72854.000,1.081,-0.912,-0.102
72855.000,0.874,-0.553,-0.409
72856.000,0.695,-0.195,-0.589
72857.000,0.686,-0.045,-0.821
72858.000,0.290,0.164,-1.012
72859.000,0.156,0.384,-0.949
72860.000,0.174,0.762,-0.853
72861.000,0.165,1.201,-0.864
72862.000,0.165,1.291,-1.393
72863.000,0.174,1.550,-1.605
72864.000,0.039,1.909,-1.478
72865.000,0.120,1.769,-1.753
72866.000,0.344,1.998,-1.647
72867.000,0.551,1.879,-0.673
72868.000,0.946,1.670,-0.218
72869.000,1.521,0.842,-0.874
72870.000,2.086,0.493,-0.800
72871.000,2.275,0.533,-0.377
72872.000,2.221,0.075,0.036
72873.000,1.620,-0.444,-0.821
72874.000,1.135,-0.872,-0.843
72875.000,1.063,-0.962,-0.419
72876.000,0.784,-1.231,-0.356
72877.000,0.542,-1.351,-0.356
72878.000,0.497,-1.610,-0.282
72879.000,0.533,-1.750,-0.123
72880.000,0.596,-1.700,-0.123
72881.000,0.614,-1.859,0.057
72882.000,0.838,-1.600,0.163
72883.000,0.757,-1.600,-0.239
72884.000,0.452,-1.391,-0.779
72885.000,0.174,-0.713,-1.171
72886.000,0.084,-0.573,-1.277
72887.000,0.380,0.174,-1.743
72888.000,0.578,0.184,-1.690
72889.000,0.784,0.673,-1.584
72890.000,0.757,0.483,-1.838
72891.000,0.389,0.762,-2.515
72892.000,0.246,0.802,-2.727
72893.000,0.443,0.922,-2.473
72894.000,0.569,1.181,-1.743
72895.000,0.560,2.218,-1.594
72896.000,1.539,2.327,-0.800
72897.000,0.838,1.909,-1.351
72898.000,0.138,1.022,-1.023
72899.000,0.237,0.194,-0.419
72900.000,0.497,0.284,0.311
72901.000,0.515,0.613,0.957
72902.000,0.497,0.463,0.819
72903.000,0.515,0.045,-0.027
72904.000,0.434,0.055,-0.536
72905.000,0.425,-0.234,-0.684
72906.000,0.317,-0.524,-0.800
72907.000,0.326,-0.863,-0.557
72908.000,0.488,-1.132,-0.271
72909.000,0.407,-1.201,-0.366
72910.000,0.290,-1.481,0.057
72911.000,0.344,-1.491,0.015
72912.000,0.290,-1.152,0.205
72913.000,0.470,-1.062,-0.080
72914.000,0.353,-0.773,-0.229
72915.000,0.264,-0.593,-0.620
72916.000,0.237,-0.434,-0.726
72917.000,0.066,-0.234,-0.885
72918.000,0.021,-0.274,-0.949
72919.000,-0.150,-0.294,-1.054
72920.000,-0.006,-0.175,-1.118
72921.000,0.003,-0.115,-1.065
72922.000,-0.105,-0.185,-1.065
72923.000,0.057,-0.025,-1.128
72924.000,0.210,0.154,-1.213
72925.000,0.443,0.543,-1.436
72926.000,0.533,0.832,-1.510
72927.000,0.344,1.420,-2.272
72928.000,0.066,1.351,-2.515
72929.000,-0.159,1.171,-2.314
72930.000,1.027,-0.215,0.015
72931.000,1.009,-0.195,0.004
72932.000,1.090,-0.464,-0.070
72933.000,1.305,-0.683,-0.112
72934.000,2.113,-0.454,-0.589
72935.000,1.772,-0.254,-0.906
72936.000,1.171,-0.234,-1.192
72937.000,0.973,-0.205,-0.864
72938.000,0.434,0.025,-0.726
72939.000,0.506,-0.055,-0.620
72940.000,0.722,-0.145,-0.483
72941.000,0.829,-0.264,-0.800
72942.000,0.892,-0.434,-0.991
72943.000,0.713,-0.474,-1.224
72944.000,0.856,-0.514,-1.256
72945.000,0.668,-0.364,-1.213
72946.000,0.641,-0.454,-1.298
72947.000,0.560,-0.334,-0.991
72948.000,0.722,-0.524,-1.097
72949.000,0.874,-0.593,-1.044
72950.000,0.829,-0.753,-1.139
72951.000,0.784,-0.534,-1.065
72952.000,0.811,-0.444,-0.970
72953.000,0.919,-0.215,-1.012
72954.000,1.000,-0.195,-1.181
72955.000,0.955,-0.025,-1.594
72956.000,1.000,0.035,-2.102
72957.000,1.000,0.364,-2.229
72958.000,0.784,0.643,-2.198
72959.000,0.470,0.822,-1.944
72960.000,0.461,1.331,-1.467
72961.000,1.350,1.590,-0.980
72962.000,1.278,1.590,-1.615
72963.000,0.964,1.739,-1.351
72964.000,0.928,0.902,-0.102
72965.000,0.695,0.703,0.735
72966.000,0.766,0.982,0.767
72967.000,0.901,1.161,0.449
72968.000,1.000,0.613,0.015
72969.000,0.919,0.224,-0.906
72970.000,0.802,-0.015,-0.811
72971.000,0.793,-0.494,-0.694
72972.000,0.686,-0.853,-0.546
72973.000,0.551,-1.052,-0.133
72974.000,0.524,-1.261,0.163
72975.000,0.443,-1.231,0.354
72976.000,0.425,-1.391,0.512
72977.000,0.380,-1.182,0.110
72978.000,0.398,-1.092,0.057
72979.000,0.560,-0.922,-0.239
72980.000,0.578,-0.414,-0.229
72981.000,0.596,-0.085,-0.398
72982.000,0.443,0.354,-0.726
72983.000,0.264,0.543,-0.673
72984.000,0.030,0.693,-0.906
72985.000,-0.051,1.171,-0.790
72986.000,-0.248,1.351,-1.224
72987.000,-0.266,1.709,-1.404
72988.000,-0.176,1.909,-1.499
72989.000,-0.329,1.829,-1.287
72990.000,-0.203,1.979,-1.234
72991.000,0.057,2.098,-1.012
72992.000,0.632,2.268,-0.440
72993.000,0.605,1.580,-0.313
72994.000,1.126,0.633,-0.769
72995.000,1.646,0.164,-0.271
72996.000,1.718,0.085,-0.229
72997.000,1.664,0.085,-0.250
72998.000,1.521,0.114,-0.271
72999.000,1.018,0.204,-0.292
73000.000,0.748,-0.354,-0.758
73001.000,0.542,-0.553,-1.054
73002.000,0.605,-0.603,-0.398
73003.000,0.506,-0.783,-0.229
73004.000,0.407,-1.132,-0.387
73005.000,0.542,-1.610,0.004
73006.000,0.506,-1.540,-0.229
73007.000,0.506,-1.660,0.078
73008.000,0.578,-1.780,-0.123
73009.000,0.569,-1.540,-0.176
73010.000,0.605,-1.291,-0.546
73011.000,0.623,-1.072,-0.620
73012.000,0.344,-0.653,-0.991
73013.000,0.326,-0.603,-1.541
73014.000,0.264,-0.454,-1.732
73015.000,0.479,-0.304,-1.764
73016.000,0.596,-0.085,-1.563
73017.000,0.497,-0.145,-1.541
73018.000,0.596,-0.105,-1.753
73019.000,0.353,-0.135,-2.092
73020.000,0.326,0.075,-2.452
73021.000,0.371,0.254,-2.664
73022.000,0.273,0.423,-2.462
73023.000,0.282,0.822,-2.304
73024.000,0.165,1.141,-2.325
73025.000,0.120,1.560,-2.537
73026.000,0.362,1.510,-2.314
73027.000,0.165,1.470,-1.933
73028.000,0.371,1.012,-0.917
73029.000,0.129,0.543,-0.726
73030.000,0.147,0.952,0.523
73031.000,0.659,0.802,0.629
73032.000,0.560,0.543,0.449
73033.000,0.299,0.274,-0.006
73034.000,0.201,-0.175,-0.493
73035.000,0.120,-0.225,-0.229
73036.000,0.174,-0.524,-0.102
73037.000,0.138,-0.982,-0.049
73038.000,0.237,-1.251,-0.133
73039.000,0.353,-1.361,-0.260
73040.000,0.308,-1.361,-0.038
73041.000,0.138,-1.201,-0.059
73042.000,0.255,-1.172,-0.123
73043.000,0.156,-1.042,-0.207
73044.000,0.048,-0.833,-0.419
73045.000,0.003,-0.553,-0.642
73046.000,-0.176,-0.314,-0.832
73047.000,-0.284,-0.065,-0.684
73048.000,-0.410,-0.075,-0.684
73049.000,-0.374,-0.065,-0.800
73050.000,-0.248,-0.005,-0.864
73051.000,-0.150,-0.175,-0.938
73052.000,-0.096,-0.185,-0.980
73053.000,-0.096,-0.364,-1.012
73054.000,-0.159,-0.344,-0.980
73055.000,-0.087,-0.284,-0.885
73056.000,-0.015,-0.264,-0.896
73057.000,0.012,-0.394,-0.896
73058.000,0.003,-0.115,-1.065
73059.000,-0.078,0.184,-1.139
73060.000,-0.006,0.593,-1.499
73061.000,-0.176,0.942,-1.721
73062.000,-0.338,1.022,-1.922
73063.000,-0.311,1.241,-2.145
73064.000,-0.051,1.400,-2.071
73065.000,-0.033,1.091,-1.647
73066.000,0.371,0.822,-0.991
73067.000,0.713,0.523,-0.567
73068.000,1.153,-0.115,-0.176
73069.000,1.404,-0.404,-0.038
73070.000,1.952,-0.314,-0.250
73071.000,2.248,-0.185,-0.536
73072.000,1.718,-0.075,-1.287
73073.000,1.224,-0.055,-1.541
73074.000,0.847,-0.115,-1.139
73075.000,0.533,-0.155,-0.758
73076.000,0.551,-0.284,-0.483
73077.000,0.713,-0.464,-0.398
73078.000,0.829,-0.563,-0.599
73079.000,1.027,-0.673,-0.906
73080.000,0.623,-0.544,-1.097
73081.000,0.802,-0.783,-1.319
73082.000,0.775,-0.603,-1.393
73083.000,0.659,-0.434,-1.340
73084.000,0.542,-0.484,-1.171
73085.000,0.650,-0.643,-1.298
73086.000,0.587,-0.544,-1.033
73087.000,0.461,-0.464,-1.065
73088.000,0.524,-0.254,-1.086
73089.000,0.551,-0.165,-1.266
73090.000,0.704,0.114,-1.531
73091.000,0.623,0.184,-1.922
73092.000,0.308,0.663,-2.028
73093.000,0.335,0.772,-2.251
73094.000,0.255,1.321,-2.166
73095.000,0.551,1.879,-2.113
73096.000,1.242,2.258,-1.764
73097.000,0.865,1.839,-1.520
73098.000,0.623,1.490,-1.076
73099.000,0.524,0.703,-0.292
73100.000,0.282,-0.563,-0.197
73101.000,0.246,-0.563,-0.218
73102.000,0.255,-0.553,-0.229
73103.000,0.282,-0.553,-0.239
73104.000,0.299,-0.544,-0.239
73105.000,0.317,-0.514,-0.239
73106.000,0.299,-0.504,-0.250
73107.000,0.362,-0.274,-0.387
73108.000,0.371,-0.185,-0.737
73109.000,0.255,0.104,-0.832
73110.000,0.344,0.543,-0.853
73111.000,0.317,0.892,-0.896
73112.000,0.282,1.061,-1.118
73113.000,0.398,1.032,-1.393
73114.000,0.398,0.912,-1.499
73115.000,0.380,1.201,-1.541
73116.000,0.416,1.251,-1.552
73117.000,0.147,1.360,-1.531
73118.000,0.282,1.640,-1.213
73119.000,0.452,2.128,-0.620
73120.000,0.802,2.278,-0.017
73121.000,1.180,1.311,-1.012
73122.000,1.458,0.872,-1.393
73123.000,1.691,0.394,-0.758
73124.000,1.808,0.045,-0.345
73125.000,1.503,-0.025,-0.589
73126.000,1.251,-0.613,-0.843
73127.000,1.386,-0.912,-0.790
73128.000,1.260,-1.092,-0.642
73129.000,1.117,-1.191,-0.599
73130.000,1.090,-1.451,-0.546
73131.000,0.829,-1.710,-0.536
73132.000,0.793,-1.829,-0.260
73133.000,0.811,-1.720,-0.070
73134.000,0.515,-1.929,0.078
73135.000,0.506,-1.720,-0.059
73136.000,0.488,-1.231,-0.525
73137.000,0.605,-1.211,-0.980
73138.000,0.524,-0.454,-1.436
73139.000,0.641,0.234,-2.102
73140.000,0.695,0.992,-2.272
73141.000,0.650,1.630,-2.134
73142.000,0.793,1.600,-2.060
73143.000,0.937,1.360,-2.388
73144.000,0.659,1.610,-2.621
73145.000,0.668,1.650,-2.335
73146.000,0.982,1.630,-1.552
73147.000,1.323,1.341,-0.610
73148.000,1.242,0.862,-0.726
73149.000,0.757,0.523,-1.383
73150.000,0.102,0.942,-0.313
73151.000,0.407,0.962,0.565
73152.000,0.201,0.423,0.502
73153.000,0.120,-0.185,0.184
73154.000,0.317,-0.892,-0.176
73155.000,0.434,-1.550,-0.366
73156.000,0.497,-1.949,-0.123
73157.000,0.515,-2.009,0.417
73158.000,0.596,-2.278,0.587
73159.000,0.757,-2.388,0.523
73160.000,0.757,-1.949,0.396
73161.000,0.623,-1.182,0.195
73162.000,0.362,-0.414,-0.334
73163.000,0.290,0.274,-0.673
73164.000,0.156,0.443,-0.970
73165.000,0.111,1.071,-1.277
73166.000,0.183,1.500,-1.425
73167.000,0.362,1.779,-1.531
73168.000,0.371,1.570,-1.732
73169.000,0.425,1.560,-1.764
73170.000,0.605,1.430,-1.944
73171.000,0.614,1.859,-1.922
73172.000,0.452,1.919,-1.637
73173.000,0.784,1.899,-1.721
73174.000,1.027,1.400,-1.340
73175.000,1.027,1.620,-0.356
73176.000,1.503,1.111,-0.567
73177.000,1.898,0.643,-1.340
73178.000,2.293,0.294,-0.769
73179.000,2.194,-0.055,-0.599
73180.000,1.646,-0.544,-0.927
73181.000,1.108,-1.062,-1.001
73182.000,1.027,-1.231,-0.387
73183.000,0.722,-1.949,0.004
73184.000,0.515,-1.680,-0.006
73185.000,0.353,-1.869,-0.080
73186.000,0.416,-1.999,0.290
73187.000,0.461,-2.168,0.184
73188.000,0.470,-2.178,0.121
73189.000,0.632,-2.019,-0.070
73190.000,0.210,-1.361,-0.366
73191.000,0.326,-1.361,-1.171
73192.000,0.569,-0.623,-1.658
73193.000,0.308,-0.115,-2.050
73194.000,0.398,0.254,-2.050
73195.000,0.551,0.334,-2.219
73196.000,0.614,0.443,-2.113
73197.000,0.416,0.613,-2.134
73198.000,0.335,0.693,-2.060
73199.000,0.497,0.762,-2.050
73200.000,0.569,0.912,-2.102
73201.000,0.650,1.161,-2.378
73202.000,0.722,1.620,-2.261
73203.000,1.386,1.699,-1.563
73204.000,1.144,1.839,-1.605
73205.000,0.964,1.251,-1.298
73206.000,0.290,0.762,-0.832
73207.000,0.425,0.523,-0.271
73208.000,0.722,0.324,0.184
73209.000,0.784,-0.095,0.237
73210.000,0.524,-0.713,-0.080
73211.000,0.479,-1.072,-0.260
73212.000,0.326,-1.122,-0.133
73213.000,0.335,-1.311,0.385
73214.000,0.398,-1.481,0.354
73215.000,0.506,-1.670,0.523
73216.000,0.560,-1.590,0.258
73217.000,0.488,-1.441,0.216
73218.000,0.587,-0.843,-0.197
73219.000,0.731,-0.504,-0.419
73220.000,0.775,-0.414,-1.139
73221.000,0.713,0.094,-1.097
73222.000,0.434,0.862,-0.917
73223.000,0.506,1.420,-1.086
73224.000,0.847,2.367,-1.372
73225.000,0.120,1.869,-1.478
73226.000,0.201,1.959,-1.510
73227.000,0.326,2.058,-1.520
73228.000,0.587,1.799,-1.520
73229.000,0.766,1.480,-1.510
73230.000,0.641,1.520,-0.949
73231.000,0.874,1.739,-0.070
73232.000,1.350,1.281,-0.684
73233.000,1.808,0.882,-0.980
73234.000,1.646,0.463,-0.663
73235.000,1.287,0.075,-0.409
73236.000,0.910,-0.314,-0.483
73237.000,0.883,-0.833,-0.292
73238.000,0.928,-1.182,-0.080
