76599.000,0.255,0.065,-0.557
76600.000,0.057,0.174,-0.747
76601.000,0.030,0.404,-0.652
76602.000,0.201,0.344,-0.345
76603.000,0.479,0.244,-0.589
76604.000,0.695,0.284,-0.557
76605.000,0.677,0.334,-0.673
76606.000,0.713,-0.075,-0.769
76607.000,0.497,-0.015,-0.578
76608.000,0.290,0.134,-0.387
76609.000,0.192,0.134,-0.345
76610.000,0.237,0.224,-0.313
76611.000,0.398,0.284,-0.599
76612.000,0.784,0.194,-0.970
76613.000,1.000,0.234,-0.927
76614.000,0.865,0.274,-0.832
76615.000,0.874,-0.015,-0.726
76616.000,0.497,-0.085,-0.472
76617.000,0.344,-0.035,-0.409
76618.000,0.308,-0.055,-0.387
76619.000,-0.024,0.204,-0.398
76620.000,0.030,0.344,-0.546
76621.000,0.075,0.503,-0.705
76622.000,0.335,0.314,-0.673
76623.000,0.748,0.114,-0.663
76624.000,0.928,-0.005,-0.853
76625.000,0.892,-0.085,-0.874
76626.000,0.704,-0.055,-0.864
76627.000,0.551,0.045,-0.843
76628.000,0.362,0.094,-0.716
76629.000,0.299,0.164,-0.747
76630.000,0.237,0.124,-0.694
76631.000,0.326,0.134,-0.716
76632.000,0.308,0.134,-0.737
76633.000,0.282,0.174,-0.896
76634.000,0.326,0.204,-0.864
76635.000,0.479,-0.005,-0.885
76636.000,0.578,-0.035,-0.811
76637.000,0.641,0.035,-0.821
76638.000,0.668,0.005,-0.853
76639.000,0.641,0.164,-0.663
76640.000,0.326,0.304,-0.726
76641.000,0.344,0.234,-0.896
76642.000,0.335,0.065,-0.663
76643.000,0.290,0.025,-0.525
76644.000,0.290,0.045,-0.610
76645.000,0.416,-0.055,-0.673
76646.000,0.201,-0.005,-0.726
76647.000,0.201,-0.015,-0.673
76648.000,0.246,-0.065,-0.589
76649.000,0.246,-0.115,-0.642
76650.000,0.192,-0.045,-0.779
76651.000,0.299,-0.035,-0.716
76652.000,0.255,0.035,-0.684
76653.000,0.219,0.065,-0.705
76654.000,0.282,0.094,-0.673
76655.000,0.290,0.025,-0.705
76656.000,0.308,-0.005,-0.567
76657.000,0.326,-0.065,-0.536
76658.000,0.353,-0.015,-0.557
76659.000,0.380,0.015,-0.462
76660.000,0.344,0.045,-0.514
76661.000,0.398,0.094,-0.409
76662.000,0.380,0.124,-0.493
76663.000,0.461,0.204,-0.536
76664.000,0.578,0.264,-0.557
76665.000,0.542,0.354,-0.610
76666.000,0.524,0.473,-0.567
76667.000,0.748,0.543,-0.546
76668.000,0.731,0.643,-0.387
76669.000,0.793,0.643,-0.292
76670.000,0.273,-0.045,-0.207
76671.000,0.299,-0.055,-0.207
76672.000,0.308,-0.055,-0.197
76673.000,0.335,-0.045,-0.207
76674.000,0.335,-0.075,-0.207
76675.000,0.335,-0.095,-0.218
76676.000,0.353,-0.105,-0.239
76677.000,0.299,-0.035,-0.324
76678.000,0.443,-0.045,-0.356
76679.000,0.434,-0.055,-0.462
76680.000,0.497,-0.135,-0.631
76681.000,0.461,-0.065,-0.642
76682.000,0.533,-0.005,-0.684
76683.000,0.506,0.085,-0.821
76684.000,0.623,0.094,-0.853
76685.000,0.650,-0.005,-0.874
76686.000,0.578,0.025,-0.843
76687.000,0.560,0.075,-0.874
76688.000,0.713,0.075,-0.779
76689.000,0.722,-0.055,-0.885
76690.000,0.695,-0.165,-0.853
76691.000,0.614,-0.185,-0.874
76692.000,0.650,-0.065,-0.843
76693.000,0.587,0.075,-1.044
76694.000,0.614,0.134,-1.076
76695.000,0.551,0.264,-1.224
76696.000,0.569,0.254,-1.224
76697.000,0.578,0.294,-1.160
76698.000,0.542,0.224,-1.245
76699.000,0.515,0.134,-1.160
76700.000,0.551,0.104,-1.023
76701.000,0.695,0.045,-0.927
76702.000,0.713,-0.055,-0.896
76703.000,0.713,-0.135,-0.864
76704.000,0.748,-0.125,-0.917
76705.000,0.829,-0.234,-0.896
76706.000,0.901,-0.205,-0.874
76707.000,0.865,-0.145,-0.938
76708.000,0.901,-0.155,-1.054
76709.000,0.874,-0.145,-1.118
76710.000,0.811,-0.035,-1.001
76711.000,0.838,-0.015,-1.139
76712.000,0.820,0.085,-1.076
76713.000,0.757,0.045,-1.086
76714.000,0.820,0.075,-1.181
76715.000,0.793,0.005,-1.160
76716.000,0.739,0.085,-1.107
76717.000,0.802,0.045,-1.054
76718.000,0.731,0.085,-1.160
76719.000,0.748,-0.065,-0.949
76720.000,0.838,-0.055,-1.107
76721.000,0.829,-0.025,-1.044
76722.000,0.829,-0.005,-1.097
76723.000,0.883,-0.035,-1.118
76724.000,0.892,0.005,-1.033
76725.000,0.883,-0.015,-1.001
76726.000,0.892,-0.025,-0.927
76727.000,0.856,0.035,-0.896
76728.000,0.829,-0.015,-0.949
76729.000,0.901,-0.035,-0.843
76730.000,0.901,-0.095,-0.853
76731.000,0.811,-0.055,-0.832
76732.000,0.820,-0.045,-0.779
76733.000,0.695,-0.035,-0.769
76734.000,0.802,-0.075,-0.758
76735.000,0.722,-0.065,-0.779
76736.000,0.650,-0.035,-0.726
76737.000,0.569,0.055,-0.779
76738.000,0.569,0.104,-0.843
76739.000,0.605,0.104,-0.821
76740.000,0.587,0.184,-0.864
76741.000,0.542,0.094,-0.769
76742.000,0.470,0.104,-0.800
76743.000,0.542,0.055,-0.684
76744.000,0.524,-0.005,-0.631
76745.000,0.605,0.025,-0.567
76746.000,0.605,-0.065,-0.514
76747.000,0.569,-0.085,-0.472
76748.000,0.461,-0.045,-0.462
76749.000,0.497,-0.005,-0.419
76750.000,0.434,0.114,-0.483
76751.000,0.371,0.204,-0.334
76752.000,0.317,0.274,-0.398
76753.000,0.210,0.364,-0.514
76754.000,0.228,0.304,-0.557
76755.000,0.282,0.453,-0.663
76756.000,0.425,0.463,-0.663
76757.000,0.398,0.364,-0.758
76758.000,0.344,0.284,-0.769
76759.000,0.389,0.045,-0.673
76760.000,0.317,0.085,-0.409
76761.000,0.353,0.045,-0.462
76762.000,0.210,0.015,-0.462
76763.000,0.299,0.124,-0.514
76764.000,0.308,0.174,-0.514
76765.000,0.299,0.204,-0.610
76766.000,0.344,0.264,-0.536
76767.000,0.290,0.284,-0.483
76768.000,0.282,0.294,-0.546
76769.000,0.344,0.443,-0.642
76770.000,0.371,0.085,-0.462
76771.000,0.165,0.025,-0.472
76772.000,0.156,0.055,-0.567
76773.000,0.246,0.134,-0.536
76774.000,0.264,0.144,-0.514
76775.000,0.075,0.174,-0.589
76776.000,0.075,0.184,-0.620
76777.000,0.165,0.204,-0.620
76778.000,0.039,0.224,-0.620
76779.000,0.093,0.114,-0.610
76780.000,0.048,0.075,-0.578
76781.000,0.030,0.015,-0.620
76782.000,0.129,0.005,-0.599
76783.000,0.156,-0.065,-0.536
76784.000,0.129,-0.125,-0.514
76785.000,0.138,-0.085,-0.716
76786.000,-0.033,0.094,-0.843
76787.000,-0.114,0.154,-0.811
76788.000,-0.060,0.164,-0.694
76789.000,-0.078,0.154,-0.536
76790.000,-0.015,0.224,-0.620
76791.000,-0.042,0.055,-0.758
76792.000,-0.132,0.154,-0.726
76793.000,-0.051,0.154,-0.694
76794.000,-0.033,0.124,-0.663
76795.000,-0.033,0.184,-0.631
76796.000,-0.006,0.164,-0.684
76797.000,0.075,0.104,-0.684
76798.000,0.138,0.124,-0.642
76799.000,0.174,0.065,-0.642
76800.000,0.264,0.124,-0.694
76801.000,0.282,0.015,-0.684
76802.000,0.335,0.035,-0.694
76803.000,0.299,0.035,-0.610
76804.000,0.326,-0.015,-0.610
76805.000,0.299,-0.025,-0.684
76806.000,0.282,0.104,-0.694
76807.000,0.308,0.025,-0.694
76808.000,0.290,0.085,-0.684
76809.000,0.353,0.035,-0.790
76810.000,0.371,0.055,-0.779
76811.000,0.362,0.194,-0.821
76812.000,0.371,0.174,-0.821
76813.000,0.389,0.194,-0.843
76814.000,0.282,0.194,-0.843
76815.000,0.308,0.075,-0.800
76816.000,0.156,0.045,-0.747
76817.000,0.138,-0.025,-0.673
76818.000,0.075,-0.005,-0.652
76819.000,0.030,-0.025,-0.589
76820.000,0.066,0.045,-0.610
76821.000,-0.006,0.065,-0.599
76822.000,-0.042,0.134,-0.642
76823.000,0.003,0.154,-0.663
76824.000,-0.006,0.085,-0.567
76825.000,0.057,0.045,-0.673
76826.000,0.102,0.035,-0.631
76827.000,0.183,-0.055,-0.599
76828.000,0.183,-0.055,-0.705
76829.000,0.308,-0.035,-0.716
76830.000,0.335,0.045,-0.673
76831.000,0.290,0.114,-0.758
76832.000,0.264,0.104,-0.811
76833.000,0.255,0.114,-0.769
76834.000,0.246,0.144,-0.800
76835.000,0.246,0.144,-0.631
76836.000,0.273,0.114,-0.705
76837.000,0.201,0.124,-0.737
76838.000,0.156,0.114,-0.758
76839.000,0.165,0.144,-0.769
76840.000,0.308,-0.394,-0.949
76841.000,0.317,-0.384,-0.938
76842.000,0.308,-0.384,-0.938
76843.000,0.264,-0.364,-0.959
76844.000,0.246,-0.354,-0.949
76845.000,0.353,-0.374,-0.885
76846.000,0.488,-0.434,-0.790
76847.000,0.542,-0.294,-0.726
76848.000,0.605,-0.175,-0.737
76849.000,0.596,-0.095,-0.864
76850.000,0.587,-0.065,-0.790
76851.000,0.551,-0.015,-0.896
76852.000,0.578,0.005,-0.864
76853.000,0.650,-0.085,-0.896
76854.000,0.695,-0.095,-0.874
76855.000,0.847,-0.095,-0.896
76856.000,0.856,-0.105,-0.949
76857.000,0.919,-0.095,-0.906
76858.000,0.757,-0.005,-1.076
76859.000,0.668,0.045,-0.980
76860.000,0.739,0.075,-1.097
76861.000,0.650,0.194,-1.118
76862.000,0.713,0.204,-1.107
76863.000,0.641,0.174,-1.171
76864.000,0.695,0.234,-1.128
76865.000,0.739,0.134,-1.086
76866.000,0.650,0.224,-1.054
76867.000,0.623,0.134,-1.012
76868.000,0.506,0.124,-1.023
76869.000,0.614,-0.085,-0.970
76870.000,0.551,-0.085,-1.033
76871.000,0.551,-0.215,-0.896
76872.000,0.596,-0.165,-0.917
76873.000,0.731,-0.225,-0.991
76874.000,0.722,-0.175,-1.076
76875.000,0.704,-0.195,-1.150
76876.000,0.766,-0.135,-1.192
76877.000,0.856,0.005,-1.245
76878.000,0.802,0.015,-1.203
76879.000,0.847,-0.045,-1.319
76880.000,0.847,-0.025,-1.192
76881.000,0.820,-0.135,-1.160
76882.000,0.784,-0.145,-1.181
76883.000,0.757,-0.135,-1.086
76884.000,0.784,-0.135,-1.150
76885.000,0.722,-0.155,-1.118
76886.000,0.713,-0.165,-1.171
76887.000,0.704,-0.145,-1.150
76888.000,0.704,-0.135,-1.160
76889.000,0.731,-0.185,-1.139
76890.000,0.775,-0.205,-1.213
76891.000,0.722,-0.135,-1.171
76892.000,0.784,-0.055,-1.181
76893.000,0.766,-0.085,-1.287
76894.000,0.811,-0.135,-1.340
76895.000,0.802,-0.165,-1.171
76896.000,0.829,-0.205,-1.277
76897.000,0.766,-0.195,-1.160
76898.000,0.811,-0.274,-1.308
76899.000,0.775,-0.284,-1.245
76900.000,0.722,-0.314,-1.256
76901.000,0.677,-0.274,-1.192
76902.000,0.605,-0.254,-1.245
76903.000,0.596,-0.234,-1.287
76904.000,0.470,-0.065,-1.351
76905.000,0.398,0.104,-1.372
76906.000,0.407,0.194,-1.319
76907.000,0.335,0.184,-1.203
76908.000,0.371,0.184,-1.107
76909.000,0.380,0.065,-0.938
76910.000,0.407,-0.075,-0.737
76911.000,0.452,-0.145,-0.726
76912.000,0.551,-0.135,-0.684
76913.000,0.587,-0.075,-0.864
76914.000,0.569,-0.095,-0.970
76915.000,0.551,0.055,-1.054
76916.000,0.542,0.035,-1.128
76917.000,0.596,0.045,-1.065
76918.000,0.632,-0.035,-1.012
76919.000,0.569,-0.095,-0.917
76920.000,0.614,-0.165,-0.843
76921.000,0.470,-0.115,-0.853
76922.000,0.452,-0.085,-0.927
76923.000,0.452,-0.085,-0.885
76924.000,0.461,0.025,-0.917
76925.000,0.452,-0.005,-0.938
76926.000,0.533,-0.015,-0.843
76927.000,0.461,-0.025,-0.938
76928.000,0.488,-0.045,-0.991
76929.000,0.461,0.025,-0.927
76930.000,0.515,-0.085,-0.906
76931.000,0.443,-0.085,-0.790
76932.000,0.497,-0.065,-0.758
76933.000,0.461,-0.105,-0.747
76934.000,0.479,-0.075,-0.779
76935.000,0.470,-0.015,-0.832
76936.000,0.479,-0.025,-0.832
76937.000,0.461,0.035,-0.864
76938.000,0.416,0.015,-0.758
76939.000,0.416,0.065,-0.694
76940.000,0.389,0.045,-0.758
76941.000,0.425,0.035,-0.726
76942.000,0.416,0.114,-0.705
76943.000,0.362,0.085,-0.716
76944.000,0.425,0.134,-0.642
76945.000,0.362,0.104,-0.652
76946.000,0.425,0.134,-0.620
76947.000,0.362,0.184,-0.589
76948.000,0.353,0.204,-0.578
76949.000,0.326,0.244,-0.525
76950.000,0.416,0.224,-0.525
76951.000,0.353,0.204,-0.536
76952.000,0.335,0.264,-0.567
76953.000,0.326,0.244,-0.483
76954.000,0.371,0.294,-0.514
76955.000,0.380,0.264,-0.504
76956.000,0.380,0.284,-0.483
76957.000,0.290,0.264,-0.440
76958.000,0.299,0.264,-0.514
76959.000,0.290,0.264,-0.462
76960.000,0.326,0.264,-0.472
76961.000,0.326,0.234,-0.483
76962.000,0.344,0.244,-0.483
76963.000,0.353,0.294,-0.462
76964.000,0.326,0.314,-0.462
76965.000,0.335,0.254,-0.536
76966.000,0.246,0.314,-0.525
76967.000,0.246,0.294,-0.504
76968.000,0.273,0.294,-0.472
76969.000,0.282,0.244,-0.557
76970.000,0.273,0.244,-0.567
76971.000,0.290,0.214,-0.536
76972.000,0.308,0.164,-0.567
76973.000,0.255,0.075,-0.620
76974.000,0.335,0.124,-0.652
76975.000,0.326,0.134,-0.652
76976.000,0.344,0.094,-0.663
76977.000,0.317,0.144,-0.694
76978.000,0.335,0.085,-0.663
76979.000,0.380,0.055,-0.758
76980.000,0.443,0.045,-0.684
76981.000,0.425,-0.035,-0.737
76982.000,0.443,-0.005,-0.790
76983.000,0.398,-0.005,-0.864
76984.000,0.416,-0.045,-0.832
76985.000,0.416,0.005,-0.843
76986.000,0.434,-0.055,-0.896
76987.000,0.443,-0.015,-0.853
76988.000,0.398,-0.045,-0.949
76989.000,0.425,-0.045,-0.853
76990.000,0.380,-0.035,-0.874
76991.000,0.407,-0.045,-0.885
76992.000,0.434,-0.045,-0.938
76993.000,0.452,-0.075,-0.959
76994.000,0.470,-0.085,-0.980
76995.000,0.416,-0.125,-0.970
76996.000,0.434,-0.125,-0.949
76997.000,0.506,-0.075,-1.012
76998.000,0.479,-0.075,-1.044
76999.000,0.569,-0.045,-1.086
77000.000,0.452,-0.055,-1.065
77001.000,0.488,-0.095,-1.054
77002.000,0.524,-0.065,-1.160
77003.000,0.461,-0.075,-1.118
77004.000,0.542,-0.075,-1.107
77005.000,0.497,-0.025,-1.150
77006.000,0.515,-0.035,-1.160
77007.000,0.551,-0.105,-1.181
77008.000,0.551,-0.075,-1.181
77009.000,0.551,-0.115,-1.171
77010.000,0.488,-0.025,-1.256
77011.000,0.497,-0.045,-1.266
77012.000,0.497,-0.055,-1.245
77013.000,0.524,-0.025,-1.234
77014.000,0.488,-0.035,-1.213
77015.000,0.461,-0.125,-1.150
77016.000,0.497,-0.125,-1.171
77017.000,0.569,-0.145,-1.171
77018.000,0.578,-0.095,-1.160
77019.000,0.443,-0.175,-1.139
77020.000,0.488,-0.125,-1.181
77021.000,0.533,-0.185,-1.224
77022.000,0.551,-0.175,-1.139
77023.000,0.614,-0.125,-1.224
77024.000,0.569,-0.145,-1.150
77025.000,0.623,-0.095,-1.171
77026.000,0.614,-0.075,-1.150
77027.000,0.587,-0.105,-1.181
77028.000,0.641,-0.075,-1.139
77029.000,0.659,-0.155,-1.203
77030.000,0.605,-0.175,-1.139
77031.000,0.632,-0.155,-1.139
77032.000,0.677,-0.125,-1.118
77033.000,0.748,-0.155,-1.256
77034.000,0.739,-0.135,-1.224
77035.000,0.704,-0.195,-1.181
77036.000,0.704,-0.175,-1.160
77037.000,0.659,-0.165,-1.266
77038.000,0.641,-0.115,-1.256
77039.000,0.614,-0.045,-1.298
77040.000,0.677,-0.045,-1.414
77041.000,0.677,-0.075,-1.277
77042.000,0.677,-0.155,-1.150
77043.000,0.695,-0.215,-1.203
77044.000,0.731,-0.244,-1.298
77045.000,0.731,-0.234,-1.224
77046.000,0.775,-0.244,-1.245
77047.000,0.731,-0.205,-1.351
77048.000,0.739,-0.045,-1.256
77049.000,0.614,-0.015,-1.213
77050.000,0.614,-0.065,-1.245
77051.000,0.668,-0.095,-1.001
77052.000,0.650,-0.175,-0.949
77053.000,0.650,-0.234,-1.012
77054.000,0.641,-0.195,-1.139
77055.000,0.560,-0.085,-1.203
77056.000,0.596,-0.105,-1.298
77057.000,0.524,-0.055,-1.224
77058.000,0.533,-0.095,-1.086
77059.000,0.587,-0.145,-1.054
77060.000,0.596,-0.165,-1.012
77061.000,0.569,-0.185,-0.970
77062.000,0.524,-0.195,-0.980
77063.000,0.551,-0.135,-1.086
77064.000,0.506,-0.065,-1.065
77065.000,0.542,-0.045,-1.065
77066.000,0.497,-0.105,-1.044
77067.000,0.542,-0.115,-0.970
77068.000,0.533,-0.155,-0.980
77069.000,0.524,-0.135,-0.917
77070.000,0.497,-0.125,-0.906
77071.000,0.497,-0.135,-0.927
77072.000,0.506,-0.085,-0.949
77073.000,0.461,-0.115,-0.885
77074.000,0.488,-0.035,-0.853
77075.000,0.470,-0.055,-0.800
77076.000,0.425,-0.075,-0.779
77077.000,0.389,0.005,-0.769
77078.000,0.407,0.035,-0.779
77079.000,0.353,0.065,-0.737
77080.000,0.344,0.164,-0.673
77081.000,0.344,0.184,-0.642
77082.000,0.228,0.204,-0.652
77083.000,0.326,0.184,-0.589
77084.000,0.219,0.204,-0.567
77085.000,0.299,0.224,-0.578
77086.000,0.299,0.224,-0.525
77087.000,0.362,0.214,-0.430
77088.000,0.317,0.244,-0.451
77089.000,0.282,0.124,-0.483
77090.000,0.264,0.224,-0.377
77091.000,0.308,0.214,-0.377
77092.000,0.317,0.204,-0.303
77093.000,0.344,0.254,-0.324
77094.000,0.282,0.284,-0.292
77095.000,0.219,0.274,-0.303
77096.000,0.255,0.324,-0.313
77097.000,0.290,0.294,-0.303
77098.000,0.273,0.364,-0.250
77099.000,0.290,0.364,-0.250
77100.000,0.308,0.364,-0.271
77101.000,0.282,0.324,-0.239
77102.000,0.299,0.443,-0.186
77103.000,0.282,0.413,-0.186
77104.000,0.317,0.433,-0.186
77105.000,0.353,0.423,-0.112
77106.000,0.264,0.423,-0.155
77107.000,0.317,0.384,-0.080
77108.000,0.308,0.404,-0.229
77109.000,0.282,0.384,-0.207
77110.000,0.264,0.354,-0.186
77111.000,0.192,0.294,-0.282
77112.000,0.147,0.304,-0.366
77113.000,0.201,0.314,-0.303
77114.000,0.174,0.394,-0.324
77115.000,0.138,0.324,-0.504
77116.000,0.174,0.264,-0.462
77117.000,0.246,0.264,-0.419
77118.000,0.156,0.274,-0.472
77119.000,0.174,0.324,-0.578
77120.000,0.219,0.274,-0.514
77121.000,0.264,0.194,-0.483
77122.000,0.228,0.114,-0.642
77123.000,0.165,-0.055,-0.589
77124.000,0.174,-0.075,-0.610
77125.000,0.174,-0.125,-0.578
77126.000,0.219,-0.105,-0.557
77127.000,0.210,-0.135,-0.599
77128.000,0.210,-0.075,-0.642
77129.000,0.156,0.025,-0.673
77130.000,0.237,-0.035,-0.790
77131.000,0.264,-0.005,-0.896
77132.000,0.317,-0.085,-0.927
77133.000,0.264,-0.055,-0.874
77134.000,0.353,-0.195,-0.874
77135.000,0.335,-0.095,-0.843
77136.000,0.335,-0.234,-0.800
77137.000,0.389,-0.095,-0.906
77138.000,0.380,-0.135,-0.832
77139.000,0.353,-0.035,-0.896
77140.000,0.308,-0.085,-0.980
77141.000,0.380,-0.045,-1.044
77142.000,0.407,-0.095,-1.023
77143.000,0.380,-0.115,-1.001
77144.000,0.389,-0.115,-0.991
77145.000,0.434,-0.145,-0.896
77146.000,0.380,-0.105,-0.938
77147.000,0.389,-0.075,-0.980
77148.000,0.443,-0.125,-1.044
77149.000,0.425,-0.165,-1.033
77150.000,0.497,-0.085,-1.012
77151.000,0.542,-0.115,-1.065
77152.000,0.524,-0.045,-1.107
77153.000,0.452,-0.055,-1.181
77154.000,0.515,0.015,-1.308
77155.000,0.488,0.025,-1.234
77156.000,0.425,0.035,-1.277
77157.000,0.425,0.025,-1.203
77158.000,0.398,0.085,-1.203
77159.000,0.425,0.035,-1.128
77160.000,0.416,-0.055,-1.150
77161.000,0.461,-0.135,-1.065
77162.000,0.416,-0.225,-1.097
77163.000,0.407,-0.165,-1.086
77164.000,0.488,-0.195,-1.118
77165.000,0.506,-0.115,-1.044
77166.000,0.515,-0.075,-1.097
77167.000,0.650,-0.015,-1.054
77168.000,0.632,-0.045,-1.181
77169.000,0.632,-0.045,-1.086
77170.000,0.623,-0.015,-1.033
77171.000,0.587,-0.075,-1.001
77172.000,0.686,-0.145,-1.097
77173.000,0.722,-0.145,-1.086
77174.000,0.892,-0.244,-0.991
77175.000,0.829,-0.264,-1.012
77176.000,0.901,-0.244,-1.181
77177.000,0.946,-0.175,-1.203
77178.000,0.910,-0.065,-1.277
77179.000,0.802,0.065,-1.308
77180.000,1.009,-0.215,-1.351
77181.000,1.018,-0.225,-1.340
77182.000,1.018,-0.215,-1.298
77183.000,0.991,-0.195,-1.287
77184.000,0.964,-0.205,-1.277
77185.000,0.973,-0.234,-1.245
77186.000,0.982,-0.234,-1.234
77187.000,1.045,-0.215,-1.256
77188.000,1.000,-0.205,-1.224
77189.000,1.117,-0.145,-1.319
77190.000,1.009,-0.095,-1.319
77191.000,1.108,-0.065,-1.351
77192.000,1.108,-0.075,-1.277
77193.000,1.108,-0.005,-1.340
77194.000,1.108,-0.205,-1.319
77195.000,1.099,-0.075,-1.340
77196.000,1.090,-0.155,-1.234
77197.000,1.027,-0.185,-1.319
77198.000,1.036,-0.215,-1.192
77199.000,1.018,-0.135,-1.128
77200.000,0.964,-0.095,-1.150
77201.000,0.946,0.025,-1.128
77202.000,0.928,0.065,-1.181
77203.000,0.748,0.005,-1.160
77204.000,0.766,0.025,-0.959
77205.000,0.731,-0.055,-0.864
77206.000,0.641,-0.115,-0.874
77207.000,0.650,-0.085,-0.843
77208.000,0.578,-0.165,-0.832
77209.000,0.560,-0.314,-0.885
77210.000,0.515,-0.115,-0.843
77211.000,0.452,-0.115,-0.917
77212.000,0.425,-0.105,-0.864
77213.000,0.398,0.045,-0.906
77214.000,0.246,0.124,-0.927
77215.000,0.219,0.164,-0.896
77216.000,0.246,0.224,-0.843
77217.000,0.210,0.154,-0.811
77218.000,0.228,0.005,-0.800
77219.000,0.317,-0.015,-0.737
77220.000,0.237,-0.025,-0.663
77221.000,0.138,0.045,-0.694
77222.000,0.147,-0.025,-0.620
77223.000,0.111,0.055,-0.631
77224.000,0.111,0.025,-0.642
77225.000,0.057,0.104,-0.694
77226.000,0.156,0.124,-0.642
77227.000,0.057,0.174,-0.610
77228.000,0.048,0.214,-0.631
77229.000,0.039,0.204,-0.769
77230.000,0.138,0.194,-0.673
77231.000,0.075,0.124,-0.726
77232.000,0.210,0.114,-0.779
77233.000,0.183,0.114,-0.747
77234.000,0.246,0.114,-0.811
77235.000,0.219,0.164,-0.769
77236.000,0.290,0.085,-0.821
77237.000,0.273,0.104,-0.832
77238.000,0.317,0.065,-0.811
77239.000,0.317,0.005,-0.843
77240.000,0.299,0.035,-0.853
77241.000,0.362,0.045,-0.885
77242.000,0.344,0.025,-0.938
77243.000,0.470,0.025,-0.959
77244.000,0.416,0.015,-0.927
77245.000,0.434,-0.025,-0.949
77246.000,0.434,-0.075,-0.991
77247.000,0.443,-0.105,-1.023
77248.000,0.470,-0.125,-1.023
77249.000,0.479,-0.145,-1.065
77250.000,0.434,-0.095,-1.086
77251.000,0.434,-0.025,-1.097
77252.000,0.461,-0.055,-1.171
77253.000,0.407,-0.095,-1.203
77254.000,0.434,-0.075,-1.192
77255.000,0.434,-0.035,-1.128
77256.000,0.407,-0.115,-1.160
77257.000,0.434,-0.035,-1.139
77258.000,0.425,-0.035,-1.118
77259.000,0.497,-0.095,-1.139
77260.000,0.479,-0.105,-1.107
77261.000,0.443,0.065,-1.012
77262.000,0.488,-0.105,-1.192
77263.000,0.542,-0.105,-1.203
77264.000,0.524,-0.075,-1.118
77265.000,0.443,-0.135,-1.234
77266.000,0.434,-0.155,-1.266
77267.000,0.479,-0.075,-1.033
77268.000,0.434,-0.025,-1.033
77269.000,0.452,-0.115,-1.044
77270.000,0.362,-0.065,-1.171
77271.000,0.353,0.015,-1.150
77272.000,0.353,0.025,-1.044
77273.000,0.308,-0.005,-1.256
77274.000,0.452,-0.055,-1.012
77275.000,0.425,-0.045,-1.128
77276.000,0.452,-0.065,-0.832
77277.000,0.479,-0.274,-0.874
77278.000,0.425,-0.085,-0.874
77279.000,0.425,-0.025,-1.086
77280.000,0.461,0.164,-0.980
77281.000,0.515,-0.035,-0.864
77282.000,0.479,0.055,-0.885
77283.000,0.470,0.075,-0.991
77284.000,0.416,0.124,-0.949
77285.000,0.434,-0.145,-0.885
77286.000,0.488,0.274,-0.800
77287.000,0.587,-0.284,-0.726
77288.000,0.461,0.065,-0.663
77289.000,0.380,0.065,-0.610
77290.000,0.380,-0.055,-0.737
77291.000,0.380,0.045,-0.673
77292.000,0.380,0.065,-0.673
77293.000,0.443,0.065,-0.726
77294.000,0.416,0.144,-0.790
77295.000,0.497,0.085,-0.821
77296.000,0.443,0.085,-0.832
77297.000,0.515,0.104,-0.885
77298.000,0.497,0.085,-0.874
77299.000,0.506,0.045,-0.737
77300.000,0.470,-0.005,-0.864
77301.000,0.515,0.035,-0.843
77302.000,0.506,0.025,-0.694
77303.000,0.434,0.025,-0.758
77304.000,0.497,0.154,-0.800
77305.000,0.515,0.065,-0.758
77306.000,0.506,0.104,-0.769
77307.000,0.542,0.114,-0.821
77308.000,0.488,0.085,-0.843
77309.000,0.488,0.025,-0.906
77310.000,0.515,0.065,-0.811
77311.000,0.479,0.045,-0.853
77312.000,0.488,0.045,-0.896
77313.000,0.497,0.085,-0.896
77314.000,0.497,0.035,-0.970
77315.000,0.551,0.094,-0.959
77316.000,0.578,0.174,-0.970
77317.000,0.623,0.344,-0.800
77318.000,0.533,0.114,-0.684
77319.000,0.425,0.035,-0.589
77320.000,0.614,-0.075,-0.430
77321.000,0.578,-0.025,-0.663
77322.000,0.542,0.254,-0.970
77323.000,0.713,0.025,-0.800
77324.000,0.704,-0.025,-0.821
77325.000,0.695,0.065,-0.864
77326.000,0.650,0.035,-0.821
77327.000,0.596,-0.015,-0.800
77328.000,0.614,-0.025,-0.758
77329.000,0.488,0.045,-0.800
77330.000,0.542,-0.105,-0.864
77331.000,0.515,0.094,-0.747
77332.000,0.497,0.114,-0.853
77333.000,0.515,0.085,-0.800
77334.000,0.515,-0.015,-0.747
77335.000,0.497,-0.045,-0.811
77336.000,0.560,-0.075,-0.747
77337.000,0.488,0.025,-0.726
77338.000,0.560,0.075,-0.843
77339.000,0.479,0.094,-0.885
77340.000,0.461,0.114,-0.811
77341.000,0.416,0.065,-0.832
77342.000,0.389,0.035,-0.811
77343.000,0.443,0.045,-0.747
77344.000,0.533,0.094,-0.642
77345.000,0.416,0.164,-0.811
77346.000,0.434,0.164,-0.800
77347.000,0.452,0.244,-0.779
77348.000,0.524,0.144,-0.811
77349.000,0.398,0.065,-0.800
77350.000,0.434,0.005,-0.726
77351.000,0.425,0.025,-0.747
77352.000,0.416,0.045,-0.769
77353.000,0.398,0.055,-0.769
77354.000,0.398,0.075,-0.758
77355.000,0.452,-0.065,-0.737
77356.000,0.461,-0.015,-0.758
77357.000,0.497,-0.015,-0.673
77358.000,0.497,0.045,-0.694
77359.000,0.479,0.025,-0.716
77360.000,0.443,0.114,-0.758
77361.000,0.515,0.085,-0.716
77362.000,0.470,0.104,-0.716
77363.000,0.470,0.104,-0.747
77364.000,0.524,0.124,-0.758
77365.000,0.542,0.075,-0.737
77366.000,0.551,0.085,-0.737
77367.000,0.524,0.035,-0.663
77368.000,0.515,0.005,-0.705
77369.000,0.524,0.124,-0.642
77370.000,0.506,0.194,-0.737
77371.000,0.461,0.154,-0.684
77372.000,0.542,0.184,-0.758
77373.000,0.614,0.124,-0.705
77374.000,0.668,0.114,-0.642
77375.000,0.632,0.134,-0.705
77376.000,0.596,0.055,-0.716
77377.000,0.587,0.015,-0.726
77378.000,0.497,0.055,-0.684
77379.000,0.461,0.154,-0.652
77380.000,0.452,0.124,-0.694
77381.000,0.443,0.224,-0.663
77382.000,0.353,0.184,-0.747
77383.000,0.380,0.184,-0.694
77384.000,0.371,0.164,-0.589
77385.000,0.335,0.144,-0.705
77386.000,0.326,0.224,-0.546
77387.000,0.425,0.244,-0.578
77388.000,0.533,0.154,-0.589
77389.000,0.659,0.075,-0.599
77390.000,0.641,0.045,-0.567
77391.000,0.713,-0.005,-0.589
77392.000,0.775,0.005,-0.758
77393.000,0.722,0.015,-0.790
77394.000,0.766,0.094,-0.684
77395.000,0.713,-0.045,-0.779
77396.000,0.766,0.025,-0.779
77397.000,0.766,0.065,-0.779
77398.000,0.775,0.085,-0.853
77399.000,0.838,0.065,-0.769
77400.000,0.802,0.025,-0.779
77401.000,0.784,0.055,-0.790
77402.000,0.731,0.025,-0.726
77403.000,0.748,0.045,-0.747
77404.000,0.713,0.035,-0.769
77405.000,0.874,0.025,-0.758
77406.000,0.748,0.065,-0.726
77407.000,0.784,0.055,-0.716
77408.000,0.784,0.025,-0.726
77409.000,0.820,-0.005,-0.716
77410.000,0.793,0.124,-0.790
77411.000,0.811,0.094,-0.758
77412.000,0.919,0.085,-0.737
77413.000,0.919,0.065,-0.705
77414.000,0.874,0.045,-0.705
77415.000,0.838,0.005,-0.769
77416.000,0.973,0.015,-0.663
77417.000,0.937,-0.075,-0.716
77418.000,0.919,-0.075,-0.747
77419.000,0.883,0.025,-0.779
77420.000,0.775,0.094,-0.737
77421.000,0.686,0.184,-0.705
77422.000,0.605,0.184,-0.652
77423.000,0.497,0.174,-0.546
77424.000,0.461,0.134,-0.462
77425.000,0.452,0.134,-0.504
77426.000,0.533,0.154,-0.419
77427.000,0.533,0.184,-0.409
77428.000,0.587,0.124,-0.409
77429.000,0.605,0.114,-0.451
77430.000,0.668,0.134,-0.462
77431.000,0.704,0.144,-0.462
77432.000,0.713,0.085,-0.440
77433.000,0.739,0.045,-0.536
77434.000,0.802,0.055,-0.546
77435.000,0.802,-0.115,-0.567
77436.000,0.838,-0.065,-0.504
77437.000,0.892,-0.125,-0.483
77438.000,0.757,-0.095,-0.377
77439.000,0.892,-0.055,-0.462
77440.000,0.964,0.005,-0.493
77441.000,1.054,0.114,-0.419
77442.000,1.018,0.154,-0.525
77443.000,0.991,0.234,-0.663
77444.000,1.045,0.413,-0.684
77445.000,1.072,0.364,-0.705
77446.000,1.135,0.354,-0.631
77447.000,1.081,0.364,-0.747
77448.000,1.099,0.443,-0.790
77449.000,1.090,0.473,-0.821
77450.000,1.126,0.523,-0.705
77451.000,1.090,0.463,-0.504
77452.000,1.099,0.404,-0.620
77453.000,1.117,0.294,-0.567
77454.000,1.296,0.104,-0.493
77455.000,1.413,-0.065,-0.462
77456.000,1.431,-0.055,-0.557
77457.000,1.440,0.055,-0.557
77458.000,1.440,0.075,-0.684
77459.000,1.458,0.204,-0.716
77460.000,1.503,0.244,-0.684
77461.000,1.548,0.184,-0.631
77462.000,1.557,0.104,-0.536
77463.000,1.629,-0.015,-0.483
77464.000,1.691,-0.095,-0.451
77465.000,1.700,-0.145,-0.430
77466.000,1.611,-0.155,-0.525
77467.000,1.548,-0.165,-0.578
77468.000,1.530,-0.205,-0.673
77469.000,1.404,-0.215,-0.652
77470.000,1.323,-0.155,-0.557
77471.000,1.233,-0.145,-0.610
77472.000,1.126,-0.075,-0.610
77473.000,1.018,0.075,-0.663
77474.000,0.964,0.094,-0.769
77475.000,0.955,0.085,-0.694
77476.000,0.856,0.075,-0.694
77477.000,0.838,0.005,-0.631
77478.000,0.793,-0.035,-0.705
77479.000,0.874,-0.045,-0.758
77480.000,1.000,-0.035,-0.737
77481.000,0.991,0.045,-0.769
77482.000,0.865,0.094,-0.726
77483.000,0.757,0.045,-0.642
77484.000,0.739,0.035,-0.430
77485.000,0.551,0.005,-0.345
77486.000,0.578,0.035,-0.239
77487.000,0.542,-0.075,-0.377
77488.000,0.497,0.055,-0.292
77489.000,0.479,0.204,-0.419
77490.000,0.425,0.334,-0.334
77491.000,0.317,0.384,-0.356
77492.000,0.228,0.344,-0.303
77493.000,0.192,0.224,-0.176
77494.000,0.219,0.244,-0.260
77495.000,0.174,0.164,-0.334
77496.000,0.156,0.075,-0.292
77497.000,0.111,0.214,-0.218
77498.000,0.255,0.224,-0.207
77499.000,-0.015,0.264,-0.313
77500.000,-0.042,0.354,-0.567
77501.000,0.030,0.384,-0.642
77502.000,0.147,0.314,-0.525
77503.000,0.057,0.214,-0.599
77504.000,0.129,0.214,-0.599
77505.000,0.129,0.184,-0.589
77506.000,0.102,0.214,-0.546
77507.000,-0.033,0.184,-0.462
77508.000,-0.015,0.075,-0.366
77509.000,-0.060,0.104,-0.440
77510.000,0.003,0.174,-0.472
77511.000,0.084,0.224,-0.440
77512.000,0.147,0.244,-0.430
77513.000,0.102,0.304,-0.419
77514.000,0.066,0.264,-0.514
77515.000,0.012,0.413,-0.504
77516.000,-0.078,0.543,-0.472
77517.000,-0.185,0.384,-0.504
77518.000,-0.194,0.364,-0.483
77519.000,-0.141,0.384,-0.472
77520.000,0.183,0.354,-0.430
77521.000,0.183,0.374,-0.419
77522.000,0.237,0.384,-0.483
77523.000,0.380,0.324,-0.472
77524.000,0.515,0.114,-0.557
77525.000,0.668,0.065,-0.504
77526.000,0.829,-0.075,-0.387
77527.000,0.892,-0.135,-0.356
77528.000,0.865,-0.035,-0.345
77529.000,0.937,0.114,-0.430
77530.000,1.144,0.364,-0.504
77531.000,1.242,0.423,-0.705
77532.000,1.153,0.214,-0.864
77533.000,1.215,0.055,-0.737
77534.000,1.287,-0.075,-0.652
77535.000,1.162,-0.125,-0.769
77536.000,1.072,-0.145,-0.769
77537.000,1.000,-0.125,-0.747
77538.000,0.946,0.005,-0.800
77539.000,0.982,0.094,-0.927
77540.000,1.009,0.075,-1.001
77541.000,1.000,0.065,-1.065
77542.000,1.009,-0.055,-0.938
77543.000,1.135,-0.145,-0.927
77544.000,1.090,-0.185,-0.853
77545.000,1.135,-0.264,-0.959
77546.000,1.081,-0.274,-0.927
77547.000,0.991,-0.294,-0.959
77548.000,1.018,-0.284,-1.001
77549.000,1.009,-0.225,-0.949
77550.000,1.045,-0.294,-0.959
77551.000,1.108,-0.304,-0.949
77552.000,1.018,-0.334,-1.044
77553.000,1.000,-0.334,-0.991
77554.000,1.036,-0.314,-0.917
77555.000,1.000,-0.334,-0.980
77556.000,0.982,-0.394,-1.033
77557.000,0.919,-0.344,-0.991
77558.000,0.937,-0.324,-0.980
77559.000,0.838,-0.215,-1.001
77560.000,0.838,-0.205,-1.033
77561.000,0.883,-0.105,-1.107
77562.000,0.802,-0.075,-1.181
77563.000,0.650,0.005,-1.319
77564.000,0.659,0.075,-1.203
77565.000,0.731,0.194,-1.256
77566.000,0.820,0.563,-1.160
77567.000,0.946,0.952,-1.224
77568.000,1.108,1.022,-1.192
77569.000,1.305,1.012,-1.160
77570.000,1.224,0.772,-1.001
77571.000,1.305,0.483,-0.959
77572.000,1.144,0.304,-0.578
77573.000,1.009,-0.065,-0.451
77574.000,0.982,-0.095,-0.250
77575.000,0.793,-0.334,0.057
77576.000,0.668,-0.364,0.248
77577.000,0.605,-0.135,0.438
77578.000,0.748,0.174,0.364
77579.000,0.847,0.364,0.184
77580.000,0.865,0.463,-0.006
77581.000,0.748,0.503,-0.123
77582.000,0.722,0.503,-0.536
77583.000,0.578,0.284,-0.504
77584.000,0.344,0.065,-0.514
77585.000,0.380,-0.055,-0.292
77586.000,0.317,-0.165,-0.197
77587.000,0.201,-0.225,-0.176
77588.000,0.201,-0.185,-0.186
77589.000,0.210,-0.185,-0.218
77590.000,0.353,-0.225,-0.525
77591.000,0.290,-0.055,-0.472
77592.000,0.264,-0.055,-0.472
77593.000,0.335,-0.005,-0.557
77594.000,0.407,-0.045,-0.620
77595.000,0.290,-0.135,-0.642
77596.000,0.183,-0.045,-0.440
77597.000,0.255,-0.075,-0.398
77598.000,0.129,-0.005,-0.387
77599.000,0.129,0.174,-0.472
77600.000,0.210,0.264,-0.620
77601.000,0.290,0.493,-0.853
77602.000,0.326,0.713,-0.949
77603.000,0.246,0.762,-0.949
77604.000,0.174,0.882,-0.927
77605.000,0.228,1.071,-1.012
77606.000,0.605,1.351,-1.033
77607.000,0.910,1.550,-1.086
77608.000,0.587,1.420,-1.023
77609.000,0.793,1.071,-0.970
77610.000,0.964,0.703,-0.462
77611.000,1.269,0.104,0.142
77612.000,1.359,-0.434,0.343
77613.000,1.763,-0.863,0.354
77614.000,1.754,-0.424,0.343
77615.000,1.584,-0.165,0.015
77616.000,1.171,0.015,-0.271
77617.000,0.874,0.005,-0.557
77618.000,0.650,0.015,-0.398
77619.000,0.542,0.094,-0.440
77620.000,0.515,0.035,-0.165
77621.000,0.650,-0.065,-0.070
77622.000,0.587,0.114,-0.504
77623.000,0.542,-0.244,-0.631
77624.000,0.677,-0.284,-0.599
77625.000,0.704,-0.354,-0.800
77626.000,0.748,-0.414,-0.821
77627.000,0.739,-0.394,-0.705
77628.000,0.713,-0.434,-0.599
77629.000,0.757,-0.504,-0.726
77630.000,0.713,-0.444,-0.726
77631.000,0.641,-0.364,-0.864
77632.000,0.596,-0.444,-1.012
77633.000,0.497,-0.434,-0.970
77634.000,0.524,-0.394,-0.853
77635.000,0.560,-0.125,-0.949
77636.000,0.506,0.184,-0.991
77637.000,0.533,0.394,-1.107
77638.000,0.533,0.523,-1.340
77639.000,0.488,0.493,-1.510
77640.000,0.246,0.782,-1.848
77641.000,-0.087,1.540,-1.721
77642.000,0.461,1.729,-0.694
77643.000,0.928,1.410,-0.536
77644.000,1.233,0.473,-0.345
77645.000,0.991,-0.563,0.195
77646.000,0.793,-0.334,0.692
77647.000,0.677,0.005,0.544
77648.000,0.802,0.304,0.343
77649.000,0.892,0.683,-0.260
77650.000,0.910,0.433,-0.472
77651.000,0.820,0.224,-0.800
77652.000,0.775,0.075,-0.980
77653.000,0.892,-0.085,-1.001
77654.000,0.874,-0.274,-0.504
77655.000,0.847,-0.294,-0.578
77656.000,0.668,-0.394,-0.419
77657.000,0.443,-0.524,-0.356
77658.000,0.246,-0.454,-0.239
77659.000,0.282,-0.314,-0.303
77660.000,0.317,-0.195,-0.356
77661.000,0.290,-0.125,-0.620
77662.000,0.255,-0.135,-0.716
77663.000,0.201,-0.075,-0.610
77664.000,0.102,-0.125,-0.620
77665.000,0.228,-0.075,-0.642
77666.000,0.335,0.045,-0.610
77667.000,0.560,0.344,-0.694
77668.000,0.596,0.433,-0.821
77669.000,0.533,0.583,-0.917
77670.000,0.389,0.493,-0.885
77671.000,0.353,0.842,-1.128
77672.000,0.650,1.241,-1.234
77673.000,0.793,1.261,-1.330
77674.000,0.757,1.131,-1.372
77675.000,0.811,1.041,-1.139
77676.000,1.180,0.842,-0.716
77677.000,1.233,0.104,-0.207
77678.000,1.188,-0.633,0.025
77679.000,1.350,-0.892,0.322
77680.000,1.611,-0.474,0.491
77681.000,1.629,-0.234,0.163
77682.000,1.036,0.204,-0.758
77683.000,0.659,0.274,-1.160
77684.000,0.542,0.284,-0.790
77685.000,0.578,0.384,-0.419
77686.000,0.731,0.234,-0.430
77687.000,0.802,0.114,-0.377
77688.000,0.713,-0.234,-0.747
77689.000,0.802,-0.324,-0.652
77690.000,0.614,0.055,-1.128
77691.000,0.650,0.075,-1.150
77692.000,0.650,0.104,-1.118
77693.000,0.650,0.104,-1.139
77694.000,0.659,0.124,-1.128
77695.000,0.650,0.104,-1.160
77696.000,0.659,0.114,-1.192
77697.000,0.686,0.154,-1.266
77698.000,0.829,0.194,-1.404
77699.000,0.838,0.294,-1.520
77700.000,0.775,0.404,-1.541
77701.000,0.389,0.533,-1.647
77702.000,0.084,0.713,-1.510
77703.000,0.264,1.101,-1.372
77704.000,0.578,1.121,-1.319
77705.000,0.964,1.041,-1.107
77706.000,1.287,0.254,-0.599
77707.000,0.901,-0.723,0.015
77708.000,0.614,-0.922,0.576
77709.000,0.389,-0.155,0.777
77710.000,0.452,0.384,-0.080
77711.000,0.838,0.443,-0.356
77712.000,0.793,0.713,0.078
77713.000,0.677,0.523,-0.642
77714.000,0.659,0.473,-1.192
77715.000,0.775,0.005,-1.298
77716.000,0.811,-0.205,-1.139
77717.000,0.757,-0.434,-0.589
77718.000,0.713,-0.474,-0.324
77719.000,0.273,-0.484,-0.377
77720.000,0.317,-0.394,-0.345
77721.000,0.246,-0.354,-0.504
77722.000,0.228,-0.284,-0.419
77723.000,0.273,-0.274,-0.514
77724.000,0.057,-0.185,-0.726
77725.000,-0.069,-0.145,-0.673
77726.000,-0.087,-0.155,-0.673
77727.000,-0.042,-0.294,-0.599
77728.000,0.165,0.005,-0.514
77729.000,0.228,0.085,-0.589
77730.000,0.165,0.174,-0.673
77731.000,-0.024,0.204,-0.694
77732.000,-0.087,0.324,-0.546
77733.000,-0.176,0.483,-0.832
77734.000,-0.230,0.832,-1.393
77735.000,0.111,1.131,-1.436
77736.000,0.210,1.550,-1.150
77737.000,0.120,1.640,-0.832
77738.000,0.111,1.111,-0.430
77739.000,0.326,0.164,-0.123
77740.000,0.650,-0.623,0.121
77741.000,1.009,-0.504,0.205
77742.000,1.440,0.234,0.396
77743.000,1.350,0.533,0.470
77744.000,0.811,0.633,-0.419
77745.000,0.228,0.523,-0.800
77746.000,-0.024,0.623,0.237
77747.000,0.057,0.443,0.311
77748.000,0.174,0.164,0.110
77749.000,0.308,-0.015,-0.123
77750.000,0.416,0.015,-0.451
77751.000,0.542,-0.135,-0.504
77752.000,0.497,-0.274,-0.313
77753.000,0.497,-0.314,-0.292
77754.000,0.524,-0.374,-0.536
77755.000,0.623,-0.444,-0.811
77756.000,0.587,-0.254,-0.684
77757.000,0.443,-0.294,-0.430
77758.000,0.407,-0.434,-0.218
77759.000,0.407,-0.504,-0.440
77760.000,0.210,-0.494,-0.769
77761.000,0.210,-0.334,-1.023
77762.000,0.129,-0.294,-1.065
77763.000,0.228,-0.105,-1.150
77764.000,0.308,0.104,-1.023
77765.000,0.380,0.304,-0.684
77766.000,0.470,0.463,-0.874
77767.000,0.353,0.792,-1.626
77768.000,0.111,1.071,-2.145
77769.000,0.210,1.510,-1.753
77770.000,0.290,1.580,-1.245
77771.000,0.308,1.201,-0.906
77772.000,0.335,1.061,-0.239
77773.000,0.192,0.563,0.872
77774.000,-0.203,-0.354,1.169
77775.000,-0.159,-0.294,0.470
77776.000,-0.114,-0.643,0.269
77777.000,0.560,-0.244,0.724
77778.000,0.784,0.194,0.290
77779.000,0.784,0.384,-0.451
77780.000,0.739,0.194,-1.128
77781.000,0.515,0.104,-1.107
77782.000,0.174,0.075,-0.334
77783.000,0.335,-0.254,-0.186
77784.000,0.174,-0.434,-0.387
77785.000,0.057,-0.394,-0.133
77786.000,-0.015,-0.394,-0.133
77787.000,0.075,-0.364,-0.186
77788.000,0.075,-0.225,-0.356
77789.000,0.111,-0.254,-0.800
77790.000,0.246,-0.155,-0.991
77791.000,0.362,-0.155,-0.716
77792.000,0.326,-0.185,-0.514
77793.000,0.219,-0.234,-0.684
77794.000,0.237,-0.055,-0.800
77795.000,0.237,0.104,-0.747
77796.000,0.210,0.204,-0.779
77797.000,0.317,0.404,-0.938
77798.000,0.246,0.673,-0.747
77799.000,-0.141,0.812,-0.949
77800.000,-0.114,1.051,-1.467
77801.000,0.317,1.331,-1.743
77802.000,0.668,1.739,-1.605
77803.000,0.605,1.899,-1.277
77804.000,0.578,1.051,-0.557
77805.000,0.713,-0.334,0.047
77806.000,0.497,-0.693,-0.038
77807.000,0.757,-0.434,-0.567
77808.000,1.700,0.563,0.798
77809.000,1.781,0.124,0.946
77810.000,0.659,0.184,-0.663
77811.000,0.120,-0.015,-0.726
77812.000,-0.221,0.035,-0.419
77813.000,0.075,0.055,-0.218
77814.000,0.219,-0.055,-0.049
77815.000,0.416,-0.125,-0.049
77816.000,0.461,-0.404,-0.303
77817.000,0.443,-0.344,-0.419
77818.000,0.452,-0.434,-0.514
77819.000,0.443,-0.514,-0.684
77820.000,0.515,-0.514,-0.832
77821.000,0.569,-0.524,-0.779
77822.000,0.614,-0.494,-0.684
77823.000,0.542,-0.434,-0.800
77824.000,0.488,-0.414,-0.949
77825.000,0.416,-0.354,-1.086
77826.000,0.407,-0.244,-1.171
77827.000,0.353,0.194,-1.033
77828.000,0.389,0.314,-0.927
77829.000,0.425,0.483,-0.980
77830.000,0.623,0.563,-1.372
77831.000,0.515,0.683,-2.060
77832.000,0.048,1.281,-2.388
77833.000,-0.185,1.749,-1.944
77834.000,0.156,1.799,-1.287
77835.000,0.380,1.520,-0.694
77836.000,0.335,0.832,0.089
77837.000,0.210,-0.623,0.671
77838.000,0.210,-0.534,0.703
77839.000,0.057,-0.982,0.523
77840.000,0.201,-0.803,0.618
77841.000,0.847,-0.135,-0.017
77842.000,0.542,-0.334,-0.038
77843.000,0.506,0.045,-0.991
77844.000,0.299,-0.125,-1.393
77845.000,0.228,-0.165,-1.234
77846.000,-0.123,-0.414,-0.906
77847.000,-0.096,-0.364,-0.483
77848.000,0.021,-0.234,-0.292
77849.000,-0.185,-0.324,-0.377
77850.000,-0.096,-0.404,-0.483
77851.000,-0.015,-0.494,-0.694
77852.000,0.165,-0.424,-0.843
77853.000,0.210,-0.354,-0.927
77854.000,0.210,-0.294,-0.874
77855.000,0.228,-0.205,-0.896
77856.000,0.210,-0.075,-0.917
77857.000,0.228,-0.005,-0.917
77858.000,0.434,0.304,-1.128
77859.000,0.641,0.693,-1.287
77860.000,1.799,-0.583,0.100
77861.000,1.862,-0.593,0.110
77862.000,1.898,-0.603,0.057
77863.000,1.925,-0.623,0.025
77864.000,1.943,-0.613,0.025
77865.000,2.527,-0.444,-0.112
77866.000,1.682,0.214,-0.684
77867.000,1.135,0.274,-1.033
77868.000,0.757,0.224,-0.726
77869.000,0.569,-0.045,-0.377
77870.000,0.641,-0.274,-0.017
77871.000,0.641,-0.344,0.163
77872.000,0.713,-0.573,-0.102
77873.000,0.632,-0.633,-0.440
77874.000,0.748,-0.603,-0.610
77875.000,0.883,-0.524,-0.673
77876.000,0.784,-0.563,-0.800
77877.000,0.677,-0.464,-0.684
77878.000,0.766,-0.514,-0.694
77879.000,0.856,-0.524,-0.716
77880.000,0.784,-0.553,-0.790
77881.000,0.748,-0.593,-0.906
77882.000,0.650,-0.524,-0.970
77883.000,0.542,-0.354,-0.980
77884.000,0.605,-0.175,-0.949
77885.000,0.614,0.224,-0.949
77886.000,0.623,0.563,-0.991
77887.000,0.524,0.842,-1.277
77888.000,0.677,0.882,-1.605
77889.000,0.066,1.520,-2.145
77890.000,-0.159,2.248,-1.848
77891.000,0.820,2.128,-0.419
77892.000,1.027,1.281,-0.398
77893.000,1.197,-0.274,-0.038
77894.000,0.856,0.005,0.502
77895.000,0.793,0.483,1.306
77896.000,0.623,0.762,0.438
77897.000,0.739,0.693,-0.483
77898.000,0.937,0.144,-0.610
77899.000,0.955,-0.155,-0.642
77900.000,1.018,-0.603,-0.991
77901.000,0.973,-0.733,-1.023
77902.000,1.000,-0.843,-0.790
77903.000,0.766,-0.713,-0.758
77904.000,0.650,-0.573,-0.546
77905.000,0.506,-0.544,-0.356
77906.000,0.290,-0.444,-0.292
77907.000,0.201,-0.444,-0.409
77908.000,0.317,-0.344,-0.557
77909.000,0.228,-0.225,-0.790
77910.000,0.183,-0.324,-0.970
77911.000,0.210,-0.324,-0.970
77912.000,0.353,-0.234,-0.874
77913.000,0.659,0.174,-1.001
77914.000,0.775,0.583,-1.171
77915.000,0.389,0.812,-1.139
77916.000,-0.060,1.161,-1.679
77917.000,0.147,1.779,-1.711
77918.000,0.605,1.699,-1.541
77919.000,0.937,1.510,-1.732
77920.000,1.180,1.041,-1.044
77921.000,1.332,0.264,-0.589
77922.000,1.548,-0.793,0.004
77923.000,2.131,-1.301,0.237
77924.000,2.060,-0.563,0.205
77925.000,1.934,-0.274,-0.282
77926.000,1.171,0.324,-0.917
77927.000,0.560,0.254,-0.705
77928.000,0.668,0.035,-0.440
77929.000,0.668,-0.115,-0.059
77930.000,0.587,-0.215,-0.070
77931.000,0.677,-0.504,-0.165
77932.000,0.668,-0.603,-0.377
77933.000,0.632,-0.534,-0.536
77934.000,0.596,-0.703,-0.726
77935.000,0.659,-0.723,-0.906
77936.000,0.596,-0.613,-0.811
77937.000,0.605,-0.573,-0.758
77938.000,0.632,-0.593,-0.737
77939.000,0.668,-0.464,-0.726
77940.000,0.524,-0.404,-0.663
77941.000,0.219,-0.324,-0.769
77942.000,0.147,-0.045,-0.927
77943.000,0.282,0.394,-0.652
77944.000,0.470,0.802,-0.536
77945.000,0.434,1.241,-1.256
77946.000,0.542,1.490,-1.785
77947.000,-0.212,2.198,-2.261
77948.000,0.219,2.936,-0.737
77949.000,1.045,2.268,-0.112
77950.000,1.269,0.852,-0.006
77951.000,0.946,-0.444,0.100
77952.000,0.811,-0.354,0.597
77953.000,0.560,-0.254,0.565
77954.000,0.847,0.344,0.195
77955.000,0.686,0.324,-0.207
77956.000,0.515,0.244,-0.292
77957.000,0.443,-0.185,-0.356
77958.000,0.497,-0.354,-0.377
77959.000,0.542,-0.593,-0.356
77960.000,0.695,-0.504,-0.080
77961.000,0.784,-0.494,-0.229
77962.000,0.766,-0.314,-0.260
77963.000,0.542,-0.234,-0.155
77964.000,0.416,-0.065,-0.186
77965.000,0.407,-0.125,-0.366
77966.000,0.308,-0.035,-0.430
77967.000,0.237,-0.085,-0.398
77968.000,0.344,-0.105,-0.398
77969.000,0.479,-0.085,-0.303
77970.000,0.605,0.015,-0.271
77971.000,0.515,0.314,-0.409
77972.000,0.614,0.633,-0.652
77973.000,0.335,0.513,-0.800
77974.000,0.120,0.872,-0.313
77975.000,0.344,1.341,-0.144
77976.000,0.614,1.610,-0.567
77977.000,0.955,1.679,-0.864
77978.000,1.323,1.729,-0.737
77979.000,1.377,0.603,-0.800
77980.000,1.646,-0.225,-0.589
77981.000,2.069,-0.872,-0.345
77982.000,2.006,-0.603,-0.239
77983.000,1.521,-0.284,-0.938
77984.000,0.991,0.164,-1.001
77985.000,0.533,0.324,-0.282
77986.000,0.255,0.094,0.290
77987.000,0.326,-0.025,0.237
77988.000,0.407,-0.344,-0.080
77989.000,0.515,-0.274,-0.536
77990.000,0.569,-0.563,-0.938
77991.000,0.587,-0.593,-1.181
77992.000,0.551,-0.524,-0.843
77993.000,0.569,-0.544,-0.769
77994.000,0.497,-0.444,-0.694
77995.000,0.461,-0.414,-0.716
77996.000,0.407,-0.195,-0.874
77997.000,0.335,-0.095,-1.076
77998.000,0.443,-0.075,-1.181
77999.000,0.228,-0.254,-1.234
78000.000,0.210,-0.334,-1.160
78001.000,0.138,-0.394,-1.054
78002.000,0.084,-0.284,-0.779
78003.000,0.084,0.015,-0.631
78004.000,0.344,0.344,-0.578
78005.000,0.515,0.533,-1.107
78006.000,0.614,0.703,-1.743
78007.000,0.264,0.952,-2.229
78008.000,-0.006,1.470,-1.721
78009.000,0.057,1.590,-1.076
78010.000,0.533,1.201,-0.758
78011.000,0.686,0.752,-0.716
78012.000,0.731,-0.015,-0.483
78013.000,0.695,-0.753,-0.080
78014.000,0.560,-0.912,0.639
78015.000,0.434,-0.434,0.661
78016.000,0.326,0.075,0.449
78017.000,0.542,0.603,0.258
78018.000,0.551,0.603,-0.112
78019.000,0.488,0.633,-0.853
78020.000,0.587,0.443,-1.044
78021.000,0.695,0.025,-0.949
78022.000,0.524,-0.185,-0.557
78023.000,0.506,-0.284,-0.334
78024.000,0.623,-0.534,-0.250
78025.000,0.425,-0.474,-0.303
78026.000,0.371,-0.484,-0.345
78027.000,0.210,-0.374,-0.271
78028.000,0.219,-0.384,-0.324
78029.000,0.290,-0.195,-0.493
78030.000,0.335,0.075,-0.843
78031.000,0.380,0.094,-0.821
78032.000,0.461,0.124,-0.747
78033.000,0.524,0.234,-0.853
78034.000,0.533,0.503,-0.843
78035.000,0.407,0.922,-0.853
78036.000,0.371,1.460,-0.991
78037.000,0.371,1.630,-1.404
78038.000,0.605,1.520,-1.520
78039.000,0.704,1.390,-1.150
78040.000,0.856,1.251,-0.896
78041.000,1.206,0.722,-0.165
78042.000,1.242,-0.274,0.332
78043.000,1.413,-0.882,0.449
78044.000,1.799,-0.563,0.407
78045.000,1.790,-0.334,-0.006
78046.000,1.296,-0.145,-0.758
78047.000,0.811,0.344,-0.896
78048.000,0.596,0.284,-0.567
78049.000,0.479,0.244,-0.387
78050.000,0.632,0.124,-0.155
78051.000,0.668,-0.075,-0.229
78052.000,0.560,-0.304,-0.207
78053.000,0.605,-0.563,-0.462
78054.000,0.704,-0.593,-0.673
78055.000,0.722,-0.553,-0.684
78056.000,0.686,-0.514,-0.800
78057.000,0.775,-0.504,-0.769
78058.000,0.668,-0.404,-0.694
78059.000,0.614,-0.484,-0.758
78060.000,0.650,-0.334,-0.821
78061.000,0.497,-0.344,-0.959
78062.000,0.488,-0.404,-1.001
78063.000,0.407,-0.314,-0.970
78064.000,0.389,-0.274,-0.896
78065.000,0.273,-0.015,-0.970
78066.000,0.425,0.374,-0.917
78067.000,0.659,0.513,-1.001
78068.000,0.847,0.972,-1.520
78069.000,0.623,1.002,-2.007
78070.000,0.192,1.221,-2.092
78071.000,-0.266,1.819,-1.319
78072.000,0.183,1.939,-0.620
78073.000,0.946,1.351,-0.493
78074.000,0.668,0.164,-0.239
78075.000,0.497,-0.783,0.057
78076.000,0.264,-0.912,0.544
78077.000,0.246,-0.713,0.544
78078.000,0.775,0.274,0.322
78079.000,0.829,0.483,0.036
78080.000,0.739,0.583,-0.313
78081.000,0.739,0.463,-1.001
78082.000,0.811,0.204,-1.510
78083.000,0.739,-0.125,-1.118
78084.000,0.659,-0.244,-0.599
78085.000,0.488,-0.274,-0.462
78086.000,0.542,-0.573,-0.451
78087.000,0.308,-0.583,-0.387
78088.000,0.299,-0.474,-0.303
78089.000,0.317,-0.464,-0.303
78090.000,0.183,-0.374,-0.451
78091.000,0.219,-0.314,-0.642
78092.000,0.192,-0.205,-0.747
78093.000,0.219,-0.135,-0.800
78094.000,0.084,-0.125,-0.716
78095.000,0.093,-0.195,-0.832
78096.000,0.299,-0.015,-0.917
78097.000,0.551,0.094,-0.917
78098.000,0.515,0.174,-0.885
78099.000,0.488,0.503,-0.843
78100.000,0.290,1.071,-1.033
78101.000,0.542,1.699,-1.478
78102.000,0.632,1.650,-1.594
78103.000,0.811,1.759,-2.124
78104.000,0.659,1.630,-1.234
78105.000,1.072,1.331,-0.525
78106.000,0.964,0.124,0.047
78107.000,0.919,-1.072,0.354
78108.000,1.135,-0.693,0.576
78109.000,1.790,-0.384,0.512
78110.000,1.557,-0.095,0.290
78111.000,1.000,0.164,-0.705
78112.000,0.506,0.244,-0.980
78113.000,0.237,0.314,-0.652
78114.000,0.282,0.344,-0.377
78115.000,0.353,0.154,-0.313
78116.000,0.596,-0.035,-0.229
78117.000,0.371,-0.225,-0.334
78118.000,0.461,-0.434,-0.356
78119.000,0.578,-0.514,-0.589
78120.000,0.641,-0.444,-0.599
78121.000,0.596,-0.414,-0.620
78122.000,0.650,-0.414,-0.726
78123.000,0.605,-0.354,-0.663
78124.000,0.551,-0.404,-0.800
78125.000,0.578,-0.364,-0.769
78126.000,0.524,-0.284,-0.885
78127.000,0.515,-0.354,-1.023
78128.000,0.461,-0.274,-0.885
78129.000,0.461,-0.145,-0.737
78130.000,0.434,-0.005,-0.811
78131.000,0.371,0.244,-0.800
78132.000,0.452,0.334,-0.927
78133.000,0.551,0.314,-1.160
78134.000,0.461,0.553,-1.573
78135.000,0.219,0.842,-1.954
78136.000,-0.248,1.301,-1.711
78137.000,-0.275,1.410,-0.970
78138.000,0.219,1.071,-0.906
78139.000,0.596,0.732,-0.769
78140.000,0.713,0.364,-0.324
78141.000,0.542,-0.145,-0.027
78142.000,0.479,-0.553,0.375
78143.000,0.317,-0.813,0.555
78144.000,0.228,-0.534,0.830
78145.000,0.362,0.075,0.534
78146.000,0.470,0.463,-0.017
78147.000,0.713,0.643,-0.207
78148.000,0.605,0.643,-0.938
78149.000,0.668,0.413,-1.012
78150.000,0.569,0.055,-0.694
78151.000,0.425,-0.135,-0.557
78152.000,0.443,-0.364,-0.292
78153.000,0.398,-0.384,-0.155
78154.000,0.237,-0.444,-0.176
78155.000,0.210,-0.474,-0.229
78156.000,0.165,-0.344,-0.282
78157.000,0.246,-0.284,-0.366
78158.000,0.264,-0.095,-0.525
78159.000,0.237,-0.035,-0.567
78160.000,0.156,-0.055,-0.620
78161.000,0.156,-0.055,-0.705
78162.000,0.299,-0.055,-0.610
78163.000,0.470,0.164,-0.694
78164.000,0.686,0.394,-0.821
78165.000,0.713,0.643,-0.864
78166.000,0.623,0.832,-0.917
78167.000,0.326,1.071,-1.001
78168.000,0.479,1.510,-1.531
78169.000,0.757,1.769,-1.605
78170.000,0.731,1.660,-1.679
78171.000,0.569,1.699,-1.277
78172.000,0.847,1.051,-0.366
78173.000,0.766,0.015,0.354
78174.000,0.883,-1.072,0.343
78175.000,1.162,-1.032,0.512
78176.000,1.871,-0.633,0.523
78177.000,1.620,-0.165,0.385
78178.000,0.964,0.005,-0.514
78179.000,0.317,-0.005,-0.769
78180.000,-0.042,0.035,-0.356
78181.000,0.156,0.065,-0.133
78182.000,0.416,0.065,-0.017
78183.000,0.479,-0.025,-0.091
78184.000,0.623,-0.175,-0.102
78185.000,0.542,-0.374,-0.525
78186.000,0.668,-0.354,-0.642
78187.000,0.695,-0.334,-0.853
78188.000,0.874,-0.314,-0.896
78189.000,0.892,-0.334,-0.843
78190.000,0.704,-0.424,-0.620
78191.000,0.650,-0.464,-0.599
78192.000,0.668,-0.384,-0.652
78193.000,0.713,-0.404,-0.790
78194.000,0.524,-0.284,-0.991
78195.000,0.443,-0.185,-1.023
78196.000,0.479,-0.015,-1.001
78197.000,0.551,0.234,-0.938
78198.000,0.524,0.404,-0.896
78199.000,0.299,0.703,-1.086
78200.000,1.036,0.104,-0.324
78201.000,1.027,0.085,-0.345
78202.000,1.018,0.065,-0.334
78203.000,1.018,0.045,-0.345
78204.000,1.018,0.015,-0.377
78205.000,1.009,0.005,-0.409
78206.000,0.982,0.005,-0.398
78207.000,0.964,-0.095,-0.663
78208.000,0.793,-0.205,-1.054
78209.000,0.623,-0.364,-0.557
78210.000,0.380,-0.314,-0.186
78211.000,0.219,-0.553,-0.049
78212.000,0.165,-0.294,0.089
78213.000,0.201,-0.334,0.078
78214.000,0.264,-0.414,-0.186
78215.000,0.219,-0.404,-0.303
78216.000,0.228,-0.334,-0.186
78217.000,0.282,-0.195,-0.207
78218.000,0.183,-0.165,-0.398
78219.000,0.201,-0.015,-0.504
78220.000,0.210,0.104,-0.536
78221.000,0.246,0.204,-0.599
78222.000,0.290,0.324,-0.642
78223.000,0.344,0.463,-0.610
78224.000,0.282,0.423,-0.747
78225.000,0.389,0.882,-0.885
78226.000,0.587,1.111,-0.896
78227.000,0.488,1.101,-0.980
78228.000,0.389,1.261,-1.531
78229.000,0.542,1.430,-1.859
78230.000,0.201,1.241,-0.525
78231.000,0.668,1.929,-0.599
78232.000,0.829,2.058,0.788
78233.000,1.036,0.842,1.148
78234.000,1.099,-0.294,0.036
78235.000,1.727,-0.334,0.216
78236.000,2.419,-0.215,0.735
78237.000,1.979,0.244,0.639
78238.000,1.727,0.284,0.068
78239.000,1.395,0.184,-0.006
78240.000,1.287,0.045,-0.133
78241.000,1.036,0.025,0.089
78242.000,0.829,0.094,-0.091
78243.000,0.910,0.164,0.142
78244.000,0.955,0.104,0.004
78245.000,1.009,0.015,-0.165
78246.000,0.784,-0.314,-0.282
78247.000,0.856,-0.095,-0.144
78248.000,1.009,-0.274,-0.356
78249.000,1.018,-0.205,-0.303
78250.000,0.856,-0.244,-0.334
78251.000,0.731,-0.364,-0.409
78252.000,0.820,-0.474,-0.504
78253.000,0.766,-0.294,-0.546
78254.000,0.668,-0.374,-0.673
78255.000,0.551,-0.394,-0.610
78256.000,0.766,-0.095,-0.769
78257.000,0.695,-0.653,-0.483
78258.000,0.596,-0.384,-0.599
78259.000,0.641,-0.444,-0.599
78260.000,0.650,-0.484,-0.705
78261.000,0.677,-0.434,-0.779
78262.000,0.578,-0.414,-0.843
78263.000,0.650,-0.364,-0.980
78264.000,0.551,-0.274,-1.065
78265.000,0.560,-0.195,-1.160
78266.000,0.641,-0.045,-1.118
78267.000,0.713,0.104,-1.139
78268.000,0.802,0.045,-1.203
78269.000,0.919,0.025,-1.224
78270.000,0.802,0.045,-1.446
78271.000,0.596,0.364,-1.721
78272.000,0.299,0.982,-1.520
78273.000,0.677,0.683,-0.663
78274.000,0.892,1.231,-0.557
78275.000,1.018,1.131,-0.673
78276.000,0.739,0.384,-0.197
78277.000,0.317,-0.095,0.364
78278.000,0.353,-0.085,0.735
78279.000,0.569,0.164,0.512
78280.000,1.153,0.384,-0.123
78281.000,1.314,0.493,-0.610
78282.000,1.117,0.563,-1.245
78283.000,1.215,0.463,-1.488
78284.000,1.072,0.234,-1.361
78285.000,0.973,0.194,-0.758
78286.000,0.820,-0.474,-0.409
78287.000,0.892,-0.364,-0.165
78288.000,0.668,-0.334,-0.356
78289.000,0.650,-0.384,-0.440
78290.000,0.623,-0.444,-0.493
78291.000,0.632,-0.324,-0.546
78292.000,0.515,-0.205,-0.652
78293.000,0.488,-0.035,-0.779
78294.000,0.452,-0.025,-0.779
78295.000,0.380,-0.185,-0.864
78296.000,0.273,-0.155,-0.747
78297.000,0.264,-0.005,-0.684
78298.000,0.228,-0.065,-0.737
78299.000,0.174,0.035,-0.737
78300.000,0.093,-0.015,-0.811
78301.000,0.048,0.035,-0.800
78302.000,0.030,-0.115,-0.705
78303.000,0.084,0.005,-0.663
78304.000,0.210,0.294,-0.885
78305.000,0.515,0.394,-1.330
78306.000,0.946,0.364,-1.912
78307.000,1.081,0.334,-2.441
78308.000,1.018,0.144,-2.357
78309.000,0.731,0.553,-2.102
78310.000,0.802,0.982,-1.753
78311.000,1.090,1.490,-1.150
78312.000,1.099,0.882,-0.747
78313.000,1.144,0.184,-0.419
78314.000,1.009,-1.132,0.015
78315.000,0.695,-1.311,0.216
78316.000,1.215,-1.471,0.809
78317.000,1.521,-1.032,0.851
78318.000,1.332,-0.274,0.364
78319.000,0.946,0.244,-0.472
78320.000,0.569,0.563,-0.779
78321.000,0.299,0.703,-0.864
78322.000,0.344,0.653,-0.726
78323.000,0.524,0.443,-0.769
78324.000,0.802,-0.025,-0.493
78325.000,0.928,-0.314,-0.483
78326.000,0.820,-0.484,-0.705
78327.000,0.739,-0.434,-0.620
78328.000,0.677,-0.424,-0.578
78329.000,0.838,-0.394,-0.536
78330.000,0.802,-0.344,-0.800
78331.000,0.757,-0.215,-0.885
78332.000,0.668,-0.354,-0.927
78333.000,0.632,-0.254,-0.896
78334.000,0.470,-0.125,-0.769
78335.000,0.578,0.085,-0.610
78336.000,0.461,0.523,-0.896
78337.000,0.461,0.882,-1.224
78338.000,0.506,1.051,-1.531
78339.000,0.677,1.171,-1.488
78340.000,0.820,1.510,-1.552
78341.000,0.722,1.271,-1.510
78342.000,0.578,0.972,-1.245
78343.000,0.569,1.091,-0.769
78344.000,1.413,1.002,0.100
78345.000,1.799,0.573,0.745
78346.000,2.221,0.264,0.618
78347.000,2.500,-0.165,0.385
78348.000,2.185,0.324,0.555
78349.000,2.122,0.404,0.714
78350.000,1.925,0.284,0.280
78351.000,1.413,0.174,0.258
78352.000,1.287,0.124,0.555
78353.000,1.153,0.085,0.618
78354.000,1.054,0.094,0.131
78355.000,1.018,-0.015,0.068
78356.000,0.964,-0.085,0.089
78357.000,0.380,0.045,0.290
78358.000,0.407,-0.055,0.502
78359.000,0.668,-0.135,0.481
78360.000,0.533,-0.195,0.301
78361.000,0.452,-0.244,0.004
78362.000,0.425,-0.334,-0.038
78363.000,0.434,-0.284,0.078
78364.000,0.326,-0.354,0.110
78365.000,0.578,-0.364,-0.027
78366.000,0.677,-0.274,-0.155
78367.000,0.407,-0.304,-0.271
78368.000,0.398,-0.324,-0.483
78369.000,0.237,-0.015,-0.345
78370.000,0.775,1.789,-1.520
78371.000,0.766,1.759,-1.531
78372.000,0.766,1.749,-1.563
78373.000,0.802,1.739,-1.552
78374.000,0.838,1.719,-1.541
78375.000,0.856,1.271,-0.959
78376.000,0.677,1.141,-0.091
78377.000,1.063,0.663,1.105
78378.000,1.386,0.792,1.486
78379.000,1.952,0.603,1.561
78380.000,2.670,0.085,0.735
78381.000,2.796,0.204,0.121
78382.000,1.709,0.543,0.343
78383.000,1.629,0.304,0.523
78384.000,1.593,-0.145,-0.155
78385.000,1.700,-0.474,0.216
78386.000,1.539,-0.264,0.258
78387.000,1.368,-0.304,0.184
78388.000,1.485,-0.344,0.216
78389.000,1.521,-0.404,0.089
78390.000,1.359,-0.573,-0.038
78391.000,1.494,-0.673,-0.006
78392.000,1.126,-0.713,-0.377
78393.000,1.072,-0.793,-0.472
78394.000,0.937,-0.912,-0.303
78395.000,0.919,-0.912,-0.155
78396.000,0.802,-0.783,-0.377
78397.000,0.856,-0.673,-0.610
78398.000,0.677,-0.603,-0.821
78399.000,0.739,-0.514,-0.949
78400.000,0.569,-0.354,-1.012
78401.000,0.533,-0.125,-0.790
78402.000,0.560,-0.085,-0.970
78403.000,0.551,0.005,-1.213
78404.000,0.389,0.304,-1.330
78405.000,0.335,0.104,-1.457
78406.000,0.308,0.144,-1.319
78407.000,0.228,0.583,-0.758
78408.000,0.362,1.101,-0.599
78409.000,0.641,0.713,-0.832
78410.000,0.650,0.952,-1.107
78411.000,0.928,1.091,-1.128
78412.000,1.323,1.141,-0.620
78413.000,1.521,1.022,-0.250
78414.000,1.530,0.404,0.184
78415.000,1.251,0.284,0.576
78416.000,0.937,0.005,0.481
78417.000,0.883,0.384,0.036
78418.000,1.063,0.334,-0.303
78419.000,1.027,0.364,0.100
78420.000,1.009,0.224,0.438
78421.000,1.099,0.174,0.290
78422.000,1.045,0.045,0.025
78423.000,0.910,-0.055,-0.313
78424.000,1.000,-0.215,-0.462
78425.000,0.865,-0.274,-0.578
78426.000,0.722,-0.334,-0.578
78427.000,0.659,-0.344,-0.313
78428.000,0.398,-0.244,-0.091
78429.000,0.219,-0.334,-0.017
78430.000,0.201,-0.364,0.047
78431.000,0.255,-0.374,-0.049
78432.000,0.021,-0.474,-0.366
78433.000,0.228,-0.254,-0.642
78434.000,0.246,-0.135,-0.589
78435.000,0.299,-0.125,-0.673
78436.000,0.255,-0.095,-0.800
78437.000,0.264,-0.115,-0.885
78438.000,0.210,-0.195,-0.864
78439.000,0.219,-0.175,-0.864
78440.000,0.138,-0.274,-0.832
78441.000,0.093,-0.234,-0.917
78442.000,0.102,-0.234,-0.949
78443.000,0.102,-0.314,-0.991
78444.000,0.093,-0.205,-1.001
78445.000,0.039,-0.294,-0.917
78446.000,-0.159,0.075,-1.160
78447.000,-0.185,0.234,-1.436
78448.000,-0.096,0.254,-1.721
78449.000,0.111,1.221,-1.880
78450.000,0.479,1.351,-1.414
78451.000,0.255,1.291,-1.192
78452.000,0.326,0.623,-0.557
78453.000,0.479,0.164,-0.123
78454.000,1.162,0.124,-0.229
78455.000,1.799,-0.254,-0.504
78456.000,1.898,-0.334,-0.684
78457.000,1.637,-0.244,-0.726
78458.000,1.144,-0.195,-1.181
78459.000,0.704,0.184,-0.917
78460.000,0.273,0.085,-1.076
78461.000,0.246,0.164,-0.769
78462.000,0.299,-0.244,-0.663
78463.000,0.138,-0.264,-0.493
78464.000,0.210,-0.414,-0.451
78465.000,0.192,-0.563,-0.620
78466.000,0.237,-0.623,-0.747
78467.000,0.299,-0.643,-0.949
78468.000,0.317,-0.703,-0.980
78469.000,0.353,-0.703,-0.906
78470.000,0.308,-0.683,-0.949
78471.000,0.335,-0.613,-0.896
78472.000,0.290,-0.553,-0.959
78473.000,0.147,-0.693,-0.991
78474.000,0.084,-0.663,-0.896
78475.000,0.138,-0.553,-0.843
78476.000,0.228,-0.165,-1.054
78477.000,0.192,0.294,-1.065
78478.000,0.497,0.643,-1.319
78479.000,0.695,0.942,-2.113
78480.000,0.084,1.271,-2.960
78481.000,-0.006,2.427,-2.346
78482.000,0.353,2.796,-1.510
78483.000,0.910,1.510,-0.567
78484.000,0.650,-0.115,0.227
78485.000,0.596,-0.095,0.851
78486.000,0.883,0.354,1.179
78487.000,0.596,0.384,-0.377
78488.000,0.982,-0.205,-1.700
78489.000,0.964,0.214,-0.779
78490.000,0.874,0.005,-0.059
78491.000,0.928,-0.544,-0.853
78492.000,0.829,-0.892,-1.605
78493.000,0.497,-0.593,-1.054
78494.000,0.425,-0.454,-0.525
78495.000,0.192,-0.364,-0.303
78496.000,0.317,-0.434,-0.589
78497.000,0.147,-0.474,-0.684
78498.000,0.138,-0.504,-0.642
78499.000,0.273,-0.603,-0.536
78500.000,0.273,-0.573,-0.398
78501.000,0.299,-0.444,-0.567
78502.000,0.362,-0.314,-0.652
78503.000,0.344,0.015,-0.769
78504.000,0.210,0.384,-1.086
78505.000,0.264,0.742,-1.213
78506.000,0.425,1.041,-1.372
78507.000,0.165,1.321,-1.827
78508.000,-0.194,1.600,-2.219
78509.000,0.129,2.308,-2.293
78510.000,0.614,1.729,-1.372
78511.000,0.695,1.490,-1.054
78512.000,1.027,1.321,-0.229
78513.000,1.449,-0.334,0.661
78514.000,1.700,-0.125,-0.334
78515.000,2.329,0.174,-0.049
78516.000,2.724,0.234,0.152
78517.000,1.853,0.204,-0.462
78518.000,1.233,-0.175,-0.800
78519.000,0.739,-0.105,-0.546
78520.000,0.632,-0.324,-0.112
78521.000,0.389,-0.593,-0.049
78522.000,0.497,-0.613,0.142
78523.000,0.461,-0.663,0.036
78524.000,0.686,-1.291,-0.387
78525.000,0.470,-0.673,-0.504
78526.000,0.605,-0.773,-1.065
78527.000,0.623,-0.803,-1.107
78528.000,0.775,-0.783,-1.023
78529.000,0.731,-0.703,-0.970
78530.000,0.659,-0.633,-0.980
78531.000,0.542,-0.534,-0.917
78532.000,0.362,-0.514,-1.023
78533.000,0.380,-0.484,-1.044
78534.000,0.344,-0.324,-1.203
78535.000,0.299,-0.055,-1.107
78536.000,0.335,0.413,-0.927
78537.000,0.380,0.683,-1.044
78538.000,0.407,1.022,-1.785
78539.000,0.210,1.281,-2.409
78540.000,1.108,0.653,-0.631
78541.000,1.099,0.643,-0.631
78542.000,1.045,0.384,-0.398
78543.000,0.659,-0.524,0.290
78544.000,0.479,-0.015,0.862
78545.000,0.389,0.304,0.481
78546.000,0.713,0.364,0.332
78547.000,0.731,0.423,-0.165
78548.000,0.668,0.204,-0.705
78549.000,0.722,-0.075,-1.266
78550.000,0.479,-0.334,-1.446
78551.000,0.677,-0.613,-1.001
78552.000,0.659,-0.464,-0.483
78553.000,0.443,-0.553,-0.250
78554.000,0.488,-0.703,0.004
78555.000,0.335,-0.573,-0.006
78556.000,0.192,-0.414,-0.229
78557.000,0.183,-0.284,-0.493
78558.000,0.165,-0.155,-0.663
78559.000,0.201,0.035,-0.726
78560.000,0.246,0.005,-0.716
78561.000,0.282,-0.015,-0.737
78562.000,0.308,0.065,-0.821
78563.000,0.407,0.234,-0.896
78564.000,0.497,0.633,-0.991
78565.000,0.659,1.012,-1.256
78566.000,0.569,1.211,-1.308
78567.000,0.371,2.058,-1.647
78568.000,0.290,1.759,-1.086
78569.000,0.192,1.640,-1.181
78570.000,0.533,1.430,-0.462
78571.000,1.018,0.623,0.322
78572.000,1.718,-0.434,0.280
78573.000,2.060,-0.952,0.163
78574.000,2.131,-0.863,-0.059
78575.000,2.113,-0.563,-0.409
78576.000,1.637,-0.274,-0.769
78577.000,1.458,-0.274,-0.694
78578.000,1.099,-0.205,-0.207
78579.000,0.802,0.015,-0.239
78580.000,0.847,0.045,0.110
78581.000,1.054,-0.175,0.142
78582.000,1.000,-0.274,-0.356
78583.000,1.197,-0.185,-0.747
78584.000,1.144,-0.434,-1.192
78585.000,1.144,-0.484,-1.150
78586.000,0.946,-0.524,-0.938
78587.000,0.910,-0.553,-0.705
78588.000,0.748,-0.653,-0.536
78589.000,0.757,-0.524,-0.599
78590.000,0.713,-0.583,-0.726
78591.000,0.668,-0.514,-0.843
78592.000,0.542,-0.484,-0.821
78593.000,0.506,-0.444,-0.811
78594.000,0.506,-0.215,-1.001
78595.000,0.542,0.174,-0.949
78596.000,0.641,0.433,-0.896
78597.000,0.695,0.703,-1.457
78598.000,0.811,0.842,-1.774
78599.000,0.353,0.862,-1.795
78600.000,-0.176,0.892,-1.764
78601.000,-0.141,1.550,-1.647
78602.000,0.416,1.500,-1.118
78603.000,0.973,1.131,-0.853
78604.000,1.233,0.553,-0.864
78605.000,1.162,-0.623,-0.080
78606.000,0.784,-0.972,0.724
78607.000,0.488,-0.434,0.894
78608.000,0.901,0.334,-0.112
78609.000,0.982,0.394,-0.472
78610.000,0.883,0.413,-0.250
78611.000,0.865,0.154,-0.705
78612.000,0.578,-0.015,-1.107
78613.000,0.551,-0.284,-0.959
78614.000,0.524,-0.394,-0.673
78615.000,0.605,-0.563,-0.514
78616.000,0.434,-0.563,-0.589
78617.000,0.290,-0.474,-0.430
78618.000,0.165,-0.374,-0.440
78619.000,0.192,-0.364,-0.546
78620.000,0.273,-0.414,-0.610
78621.000,0.299,-0.244,-0.694
78622.000,0.353,-0.264,-0.938
78623.000,0.210,-0.264,-0.906
78624.000,0.210,-0.244,-0.821
78625.000,0.156,-0.254,-0.896
78626.000,0.174,-0.145,-0.811
78627.000,0.407,0.104,-1.023
78628.000,0.515,0.264,-1.266
78629.000,0.371,0.483,-1.308
78630.000,0.111,0.722,-1.181
78631.000,-0.087,1.171,-1.245
78632.000,0.201,1.640,-1.605
78633.000,0.488,1.500,-1.478
78634.000,0.614,1.440,-1.690
78635.000,0.784,1.630,-1.150
78636.000,1.027,0.623,-0.292
78637.000,1.341,-0.653,0.121
78638.000,1.763,-0.484,0.269
78639.000,2.293,-0.045,0.131
78640.000,1.898,-0.085,-0.165
78641.000,1.215,0.164,-0.885
78642.000,0.560,0.065,-0.620
78643.000,0.111,-0.175,-0.334
78644.000,0.147,-0.125,0.121
78645.000,0.389,-0.225,-0.091
78646.000,0.578,-0.284,0.089
78647.000,0.578,-0.504,-0.334
78648.000,0.632,-0.553,-0.620
78649.000,0.596,-0.544,-0.546
78650.000,0.596,-0.633,-0.716
78651.000,0.623,-0.454,-1.001
78652.000,0.506,-0.334,-0.917
78653.000,0.443,-0.264,-0.737
78654.000,0.443,-0.284,-0.673
78655.000,0.461,-0.294,-0.694
78656.000,0.362,-0.364,-0.864
78657.000,0.299,-0.364,-0.843
78658.000,0.362,-0.205,-0.906
78659.000,0.290,0.015,-0.991
78660.000,0.389,0.324,-0.970
78661.000,0.533,0.543,-0.970
78662.000,0.623,0.882,-1.372
78663.000,0.488,1.091,-1.848
78664.000,-0.167,1.410,-2.367
78665.000,-0.069,1.949,-1.308
78666.000,0.820,1.460,-0.472
78667.000,1.081,0.892,-0.324
78668.000,0.731,-0.225,0.025
78669.000,0.560,-0.593,0.565
78670.000,0.524,-0.304,0.555
78671.000,0.695,0.144,0.100
78672.000,0.802,0.254,0.015
78673.000,0.775,0.443,-0.260
78674.000,0.793,0.284,-0.673
78675.000,0.704,0.124,-0.927
78676.000,0.686,-0.314,-0.896
78677.000,0.659,-0.553,-0.864
78678.000,0.713,-0.504,-0.483
78679.000,0.668,-0.653,-0.546
78680.000,0.533,-0.583,-0.483
78681.000,0.237,-0.514,-0.493
78682.000,0.147,-0.464,-0.250
78683.000,0.174,-0.394,-0.356
78684.000,0.120,-0.344,-0.483
78685.000,0.228,-0.294,-0.737
78686.000,0.102,-0.274,-0.779
78687.000,0.165,-0.234,-0.705
78688.000,0.299,-0.165,-0.747
78689.000,0.506,0.114,-0.906
78690.000,0.748,0.463,-1.033
78691.000,0.883,0.852,-1.150
78692.000,0.623,1.141,-1.192
78693.000,0.569,1.929,-1.573
78694.000,0.461,2.138,-1.499
78695.000,0.659,1.889,-1.668
78696.000,0.946,1.709,-1.256
78697.000,1.233,1.321,-0.017
78698.000,1.305,-0.254,0.449
78699.000,1.090,-0.783,-0.102
78700.000,2.122,-0.494,0.195
78701.000,2.167,-0.165,0.767
78702.000,1.512,-0.065,-0.292
78703.000,1.018,-0.085,-0.758
78704.000,0.452,-0.404,-0.504
78705.000,0.335,-0.175,-0.324
78706.000,0.308,-0.185,-0.155
78707.000,0.398,-0.195,0.237
78708.000,0.605,-0.334,0.068
78709.000,0.551,-0.474,-0.504
78710.000,0.461,0.732,-1.203
78711.000,0.515,0.742,-1.192
78712.000,0.569,0.732,-1.192
78713.000,0.542,0.703,-1.203
78714.000,0.533,0.722,-1.192
78715.000,0.533,0.742,-1.181
78716.000,0.515,0.752,-1.181
78717.000,0.560,1.022,-1.605
78718.000,0.461,0.992,-1.827
78719.000,-0.123,1.301,-2.187
78720.000,-0.212,1.759,-1.658
78721.000,0.416,1.620,-0.747
78722.000,0.928,1.141,-0.663
78723.000,0.883,0.324,-0.409
78724.000,0.551,-0.384,0.417
78725.000,0.686,-0.274,0.862
78726.000,0.452,0.184,0.576
78727.000,0.766,0.094,0.152
78728.000,0.919,0.404,-0.229
78729.000,0.919,0.194,-0.356
78730.000,0.659,-0.115,-0.546
78731.000,0.614,-0.304,-0.991
78732.000,0.614,-0.374,-0.927
78733.000,0.596,-0.454,-0.980
78734.000,0.461,-0.444,-0.472
78735.000,0.407,-0.414,-0.430
78736.000,0.174,-0.563,-0.334
78737.000,0.228,-0.514,-0.430
78738.000,0.165,-0.424,-0.356
78739.000,0.237,-0.384,-0.483
78740.000,0.246,-0.254,-0.631
78741.000,0.273,-0.195,-0.885
78742.000,0.219,-0.254,-0.896
78743.000,0.147,-0.085,-0.959
78744.000,0.246,0.025,-0.917
78745.000,0.461,0.324,-1.033
78746.000,0.515,0.603,-1.139
78747.000,0.326,0.992,-1.012
78748.000,0.290,1.799,-1.404
78749.000,0.380,2.148,-1.573
78750.000,0.569,2.148,-1.637
78751.000,0.946,1.729,-1.234
78752.000,1.171,1.341,-0.292
78753.000,1.530,-0.334,0.015
78754.000,1.413,-0.683,-0.049
78755.000,2.095,-0.234,0.131
78756.000,2.239,-0.544,0.248
78757.000,1.287,-0.095,-0.546
78758.000,0.829,-0.225,-0.949
78759.000,0.371,-0.234,-0.292
78760.000,0.326,-0.304,0.057
78761.000,0.443,-0.304,0.322
78762.000,0.506,-0.374,0.248
78763.000,0.802,-0.573,-0.292
78764.000,0.479,-0.264,-0.536
78765.000,0.668,-0.314,-0.853
78766.000,0.641,-0.434,-0.980
78767.000,0.677,-0.524,-0.991
78768.000,0.757,-0.633,-0.874
78769.000,0.578,-0.553,-0.546
78770.000,0.578,-0.504,-0.557
78771.000,0.524,-0.534,-0.673
78772.000,0.461,-0.384,-0.811
78773.000,0.461,-0.354,-1.012
78774.000,0.407,-0.234,-0.927
78775.000,0.587,0.114,-0.694
78776.000,0.722,0.224,-0.769
78777.000,0.901,0.892,-1.414
78778.000,0.748,1.041,-2.018
78779.000,0.147,1.450,-2.081
78780.000,-0.185,1.729,-1.870
78781.000,-0.033,2.248,-0.864
78782.000,1.054,1.769,-0.567
78783.000,0.569,0.593,-0.250
78784.000,0.353,-0.753,0.078
78785.000,0.273,-0.932,0.587
78786.000,0.299,0.015,0.618
78787.000,0.856,-0.215,0.205
78788.000,1.045,0.274,-0.345
78789.000,0.748,0.324,-0.334
78790.000,0.731,0.015,-1.044
78791.000,0.470,-0.384,-1.510
78792.000,0.380,-0.434,-1.203
78793.000,0.443,-0.573,-0.642
78794.000,0.380,-0.524,-0.387
78795.000,0.344,-0.673,-0.525
78796.000,0.066,-0.753,-0.462
78797.000,0.066,-0.653,-0.430
78798.000,0.174,-0.583,-0.440
78799.000,0.282,-0.454,-0.504
78800.000,0.273,-0.334,-0.896
78801.000,0.219,-0.135,-1.128
78802.000,0.111,-0.045,-1.139
78803.000,0.174,0.075,-1.171
78804.000,0.353,0.314,-1.372
78805.000,0.506,0.374,-1.308
78806.000,0.371,0.822,-1.181
78807.000,0.102,2.128,-1.446
78808.000,-0.230,2.148,-1.425
78809.000,0.156,1.909,-2.155
78810.000,0.605,2.268,-1.658
78811.000,0.973,1.351,-0.165
78812.000,1.171,-0.075,-0.229
78813.000,1.916,-1.331,-0.112
78814.000,2.095,-0.853,0.068
78815.000,2.257,-0.633,-0.313
78816.000,1.871,-0.404,-0.504
78817.000,1.467,-0.244,-0.737
78818.000,1.054,-0.314,-0.821
78819.000,0.497,-0.314,-0.821
78820.000,0.470,-0.225,-0.419
78821.000,0.623,-0.354,-0.197
78822.000,0.766,-0.404,-0.091
78823.000,0.731,-0.055,-0.599
78824.000,0.766,-0.603,-0.790
78825.000,0.452,-0.553,-1.001
78826.000,0.470,-0.593,-1.033
78827.000,0.623,-0.663,-0.832
78828.000,0.578,-0.653,-0.747
78829.000,0.416,-0.633,-0.790
78830.000,0.317,-0.633,-0.843
78831.000,0.344,-0.653,-1.065
78832.000,0.264,-0.384,-1.001
78833.000,0.290,-0.065,-0.853
78834.000,0.470,0.244,-0.747
78835.000,0.775,0.742,-1.340
78836.000,0.757,1.091,-1.700
78837.000,0.093,1.360,-2.282
78838.000,-0.024,2.437,-1.817
78839.000,0.497,2.587,-1.023
78840.000,0.964,1.081,-0.345
78841.000,0.775,-0.205,-0.112
78842.000,0.165,-0.015,0.301
78843.000,0.219,0.583,1.021
78844.000,0.677,0.782,0.438
78845.000,0.910,0.822,-0.546
78846.000,0.677,0.533,-0.906
78847.000,0.569,-0.065,-1.287
78848.000,0.308,-0.494,-1.361
78849.000,0.380,-0.753,-0.906
78850.000,0.461,-0.783,-0.250
78851.000,0.389,-0.882,-0.260
78852.000,0.326,-0.882,-0.440
78853.000,0.273,-0.872,-0.239
78854.000,0.290,-0.793,-0.155
78855.000,0.344,-0.723,-0.377
78856.000,0.335,-0.553,-0.387
78857.000,0.255,-0.434,-0.578
78858.000,0.048,-0.205,-0.684
78859.000,0.039,-0.065,-0.906
78860.000,0.120,0.234,-1.076
78861.000,0.174,0.673,-1.308
78862.000,0.057,1.002,-1.361
78863.000,-0.105,1.510,-1.647
78864.000,-0.060,2.417,-2.124
78865.000,0.102,2.387,-1.774
78866.000,0.569,2.417,-1.880
78867.000,0.623,1.590,-1.054
78868.000,1.099,0.035,-0.345
78869.000,1.180,-0.912,0.142
78870.000,1.898,-1.241,0.322
78871.000,2.185,-0.912,0.703
78872.000,2.006,-0.823,-0.155
78873.000,1.305,-0.583,-0.546
78874.000,1.000,-0.294,-0.578
78875.000,0.632,0.055,-0.356
78876.000,0.551,0.174,-0.419
78877.000,0.722,0.224,-0.334
78878.000,0.614,0.045,-0.303
78879.000,0.802,-0.125,-0.430
78880.000,0.416,-0.384,-1.192
78881.000,0.398,-0.404,-1.171
78882.000,0.407,-0.404,-1.203
78883.000,0.416,-0.354,-1.203
78884.000,0.434,-0.364,-1.181
78885.000,0.362,-0.115,-1.107
78886.000,0.380,0.234,-0.885
78887.000,0.479,0.423,-0.949
78888.000,0.623,0.742,-1.795
78889.000,0.695,0.792,-1.637
78890.000,0.156,1.211,-2.272
78891.000,-0.221,2.088,-2.092
78892.000,0.111,2.068,-1.372
78893.000,0.937,1.670,-0.970
78894.000,0.820,0.523,-0.207
78895.000,0.353,-0.444,0.025
78896.000,0.174,-0.813,0.576
78897.000,0.264,-0.414,0.756
78898.000,0.668,-0.015,0.121
78899.000,0.739,0.124,-0.070
78900.000,0.739,0.344,-0.207
78901.000,0.677,0.164,-0.896
78902.000,0.425,-0.065,-1.308
78903.000,0.326,-0.404,-0.896
78904.000,0.452,-0.563,-0.409
78905.000,0.470,-0.653,-0.218
78906.000,0.434,-0.683,-0.493
78907.000,0.524,-0.573,-0.334
78908.000,0.524,-0.494,-0.345
78909.000,0.497,-0.374,-0.462
78910.000,0.479,-0.254,-0.567
78911.000,0.416,-0.225,-0.557
78912.000,0.362,-0.175,-0.578
78913.000,0.201,-0.025,-0.821
78914.000,0.317,0.194,-0.885
78915.000,0.560,0.643,-1.097
78916.000,0.650,0.832,-1.203
78917.000,0.290,0.693,-1.224
78918.000,-0.159,1.081,-1.414
78919.000,-0.015,1.550,-1.838
78920.000,0.264,1.420,-1.446
78921.000,0.299,1.311,-1.520
78922.000,0.641,1.390,-0.832
78923.000,1.018,0.882,-0.726
78924.000,0.955,-0.155,-0.123
78925.000,1.476,-0.753,-0.165
78926.000,2.158,-0.613,-0.070
78927.000,2.374,-0.464,0.025
78928.000,1.521,-0.254,-0.779
78929.000,1.153,0.085,-1.150
78930.000,0.623,-0.105,-0.758
78931.000,0.380,-0.155,-0.144
78932.000,0.434,-0.404,0.015
78933.000,0.551,-0.454,-0.239
78934.000,0.695,-0.384,-0.091
78935.000,0.829,-0.573,-0.419
78936.000,0.892,-0.593,-0.980
78937.000,0.704,-0.544,-1.001
78938.000,0.748,-0.514,-1.033
78939.000,0.757,-0.484,-0.980
78940.000,0.632,-0.504,-0.927
78941.000,0.569,-0.524,-0.938
78942.000,0.542,-0.514,-0.991
78943.000,0.641,-0.514,-1.033
78944.000,0.452,-0.264,-1.171
78945.000,0.290,-0.434,-0.970
78946.000,0.371,-0.155,-0.949
78947.000,0.578,0.005,-0.737
78948.000,0.757,0.234,-0.790
78949.000,1.072,0.703,-1.541
78950.000,0.650,1.041,-2.441
78951.000,0.084,1.440,-2.865
78952.000,-0.141,2.078,-1.488
78953.000,0.452,1.699,-0.758
78954.000,1.180,1.420,-0.673
78955.000,1.027,0.045,-0.472
78956.000,0.695,-0.833,0.047
78957.000,0.578,-0.982,0.491
78958.000,0.533,-0.643,0.851
78959.000,0.713,-0.095,0.639
78960.000,0.919,0.443,-0.080
78961.000,0.955,0.483,-0.419
78962.000,0.874,0.224,-1.150
78963.000,0.838,-0.015,-1.298
78964.000,0.739,-0.334,-1.086
78965.000,0.856,-0.444,-0.716
78966.000,0.820,-0.424,-0.504
78967.000,0.623,-0.504,-0.451
78968.000,0.228,-0.304,-0.218
78969.000,0.237,-0.374,-0.525
78970.000,0.326,-0.414,-0.525
78971.000,0.299,-0.384,-0.663
78972.000,0.308,-0.354,-0.917
78973.000,-0.006,-0.185,-0.949
78974.000,0.066,-0.125,-0.684
78975.000,0.273,-0.404,-0.610
78976.000,0.452,-0.165,-0.758
78977.000,0.515,0.144,-0.927
78978.000,0.524,0.374,-0.874
78979.000,0.183,0.623,-0.843
78980.000,-0.015,1.061,-1.054
78981.000,0.030,1.271,-1.637
78982.000,0.748,1.580,-1.827
78983.000,0.811,1.689,-1.668
78984.000,0.820,1.341,-1.118
78985.000,1.027,1.480,0.121
78986.000,1.521,0.673,0.714
78987.000,1.404,-0.603,0.639
78988.000,1.251,-0.733,0.216
78989.000,1.377,-0.474,-0.303
78990.000,1.027,0.065,-0.377
78991.000,0.784,0.294,-0.504
78992.000,0.605,0.294,-0.197
78993.000,0.371,0.015,-0.006
78994.000,0.273,-0.025,0.216
78995.000,0.335,-0.105,0.068
78996.000,0.371,-0.085,-0.080
78997.000,0.488,-0.344,-0.334
78998.000,0.353,-0.334,-0.525
78999.000,0.488,-0.464,-0.716
79000.000,0.506,-0.414,-0.821
79001.000,0.560,-0.534,-0.811
79002.000,0.596,-0.494,-0.853
79003.000,0.614,-0.424,-0.747
79004.000,0.632,-0.414,-0.769
79005.000,0.677,-0.494,-0.949
79006.000,0.524,-0.464,-1.012
79007.000,0.371,-0.384,-0.906
79008.000,0.380,-0.155,-0.896
79009.000,0.416,0.214,-0.536
79010.000,0.802,0.423,-0.790
79011.000,0.991,0.752,-1.658
79012.000,0.326,0.553,-2.621
79013.000,-0.203,1.111,-2.420
79014.000,-0.194,1.470,-0.356
79015.000,0.650,1.829,-0.324
79016.000,1.099,0.643,-0.567
79017.000,0.084,-0.155,-0.070
79018.000,0.066,0.075,1.095
79019.000,0.317,0.433,0.682
79020.000,0.892,0.663,-0.165
79021.000,0.892,0.503,-0.758
79022.000,0.892,0.144,-1.224
79023.000,0.704,-0.254,-1.256
79024.000,0.739,-0.583,-1.139
79025.000,0.641,-0.863,-1.097
79026.000,0.533,-1.002,-0.589
79027.000,0.560,-0.793,-0.112
79028.000,0.371,-0.813,0.131
79029.000,0.282,-0.484,-0.038
79030.000,0.147,-0.404,-0.525
79031.000,0.102,-0.264,-0.631
79032.000,0.084,-0.175,-0.800
79033.000,-0.096,-0.215,-0.885
79034.000,-0.167,-0.165,-0.769
79035.000,0.030,0.005,-0.811
79036.000,0.201,0.284,-0.864
79037.000,0.407,0.623,-1.044
79038.000,0.335,0.982,-1.128
79039.000,0.210,2.258,-1.467
79040.000,0.219,2.746,-1.340
79041.000,0.147,2.876,-1.965
79042.000,0.497,1.809,-1.446
79043.000,0.784,0.683,-0.557
79044.000,1.144,-0.763,0.100
79045.000,1.467,-1.580,0.841
79046.000,2.158,-1.680,0.978
79047.000,2.158,-1.092,0.544
79048.000,1.799,-0.763,-0.144
79049.000,1.386,-0.215,-0.959
79050.000,0.695,0.503,-0.006
79051.000,0.704,0.493,-0.049
79052.000,0.686,0.134,-0.049
79053.000,0.883,-0.175,-0.493
79054.000,0.820,-0.274,-1.001
79055.000,0.856,-0.454,-0.970
79056.000,0.811,-0.454,-0.864
79057.000,0.820,-0.544,-0.589
79058.000,0.775,-0.693,-0.440
79059.000,0.650,-0.723,-0.620
79060.000,0.659,-0.743,-0.620
79061.000,0.497,-0.673,-0.790
79062.000,0.398,-0.583,-0.917
79063.000,0.282,-0.454,-0.917
79064.000,0.237,-0.264,-0.769
79065.000,0.380,0.075,-0.514
79066.000,0.668,0.274,-0.747
79067.000,0.955,0.992,-1.838
79068.000,0.353,0.982,-2.028
79069.000,0.030,1.410,-2.219
79070.000,-0.212,2.298,-0.991
79071.000,0.892,2.806,-0.504
79072.000,1.323,2.118,-0.970
79073.000,0.434,-0.673,-0.027
79074.000,0.228,-0.464,0.301
79075.000,0.659,0.214,1.275
79076.000,1.036,-0.005,0.512
79077.000,1.188,0.384,-0.282
79078.000,0.937,0.314,-0.843
79079.000,0.731,-0.065,-1.001
79080.000,0.353,-0.364,-1.224
79081.000,0.515,-0.553,-0.906
79082.000,0.416,-0.583,-0.525
79083.000,0.335,-0.294,0.068
79084.000,0.416,-0.354,-0.155
79085.000,0.246,-0.264,-0.186
79086.000,0.156,-0.334,-0.462
79087.000,0.264,-0.264,-0.462
79088.000,0.219,-0.314,-0.589
79089.000,0.201,-0.244,-0.737
79090.000,0.021,-0.234,-0.716
79091.000,0.075,-0.095,-0.578
79092.000,0.264,-0.075,-0.652
79093.000,0.353,0.104,-0.906
79094.000,0.452,0.184,-0.874
79095.000,0.102,0.483,-0.758
79096.000,-0.114,1.221,-0.769
79097.000,-0.015,1.879,-1.054
79098.000,0.479,2.078,-1.436
79099.000,0.802,2.118,-1.192
79100.000,1.036,1.620,-0.779
79101.000,1.305,0.384,-0.250
79102.000,1.260,-0.673,-0.102
79103.000,1.575,-0.763,-0.186
79104.000,1.862,-0.484,0.131
79105.000,1.368,-0.155,-0.133
79106.000,0.892,0.224,-0.334
79107.000,0.201,0.254,-0.207
79108.000,-0.033,0.324,-0.144
79109.000,0.066,0.264,-0.165
79110.000,0.102,0.035,-0.165
79111.000,0.398,-0.135,-0.462
79112.000,0.326,-0.244,-0.716
79113.000,0.542,-0.304,-0.800
79114.000,0.614,-0.384,-0.589
79115.000,0.569,-0.514,-0.631
79116.000,0.542,-0.484,-0.567
79117.000,0.488,-0.494,-0.610
79118.000,0.569,-0.514,-0.716
79119.000,0.560,-0.474,-0.790
79120.000,0.569,-0.474,-0.800
79121.000,0.497,-0.504,-0.853
79122.000,0.425,-0.384,-0.769
79123.000,0.264,-0.274,-0.737
79124.000,0.371,0.085,-0.673
79125.000,0.407,0.244,-0.737
79126.000,0.659,0.453,-0.938
79127.000,0.569,0.812,-1.626
79128.000,0.066,1.091,-2.166
79129.000,-0.275,1.689,-1.711
79130.000,-0.221,2.437,-0.546
79131.000,0.344,1.829,-0.705
79132.000,0.344,0.772,-0.663
79133.000,0.434,-0.484,-0.070
79134.000,0.623,-1.032,0.576
79135.000,0.641,-0.932,0.608
79136.000,0.623,-0.404,0.385
79137.000,0.856,-0.015,0.163
79138.000,0.973,0.204,-0.091
79139.000,0.874,0.304,-0.779
79140.000,0.775,0.244,-0.906
79141.000,0.605,0.005,-0.949
79142.000,0.614,-0.115,-0.546
79143.000,0.542,-0.145,-0.207
79144.000,0.569,-0.175,-0.324
79145.000,0.479,-0.195,-0.229
79146.000,0.461,-0.025,-0.186
79147.000,0.425,-0.115,-0.366
79148.000,0.560,-0.115,-0.324
79149.000,0.587,-0.225,-0.292
79150.000,0.551,-0.314,-0.292
79151.000,0.524,-0.175,-0.546
79152.000,0.461,0.204,-0.536
79153.000,0.766,0.593,-0.631
79154.000,0.910,0.613,-0.832
79155.000,0.793,0.164,-0.610
79156.000,0.317,0.772,-0.896
79157.000,0.452,1.450,-0.504
79158.000,0.659,1.032,-1.139
79159.000,0.856,1.101,-1.361
79160.000,1.018,1.640,-0.398
79161.000,0.739,1.600,-0.821
79162.000,0.596,1.012,-1.330
79163.000,0.838,0.154,-0.620
79164.000,0.838,-0.155,0.523
79165.000,1.000,-0.454,0.714
79166.000,0.919,-0.932,0.523
79167.000,1.215,-1.002,0.385
79168.000,1.467,-0.872,0.078
79169.000,1.754,-0.713,-0.303
79170.000,1.611,-0.195,-0.663
79171.000,1.458,0.324,-0.642
79172.000,1.332,0.433,-0.567
79173.000,1.242,0.523,-0.525
79174.000,1.117,0.613,-0.334
79175.000,1.117,0.025,-0.250
79176.000,0.991,0.085,-0.292
79177.000,1.278,0.025,-0.409
79178.000,1.269,-0.145,-0.589
79179.000,1.386,-0.155,-0.599
79180.000,1.359,-0.225,-0.578
79181.000,1.359,-0.115,-0.504
79182.000,1.377,-0.155,-0.610
79183.000,1.422,-0.025,-0.684
79184.000,1.422,0.204,-0.663
79185.000,1.413,0.404,-0.663
79186.000,1.395,0.413,-0.610
79187.000,1.377,0.224,-0.483
79188.000,1.323,0.065,-0.652
79189.000,1.341,-0.045,-0.620
79190.000,1.377,0.025,-0.557
79191.000,1.188,-0.125,-0.599
79192.000,1.153,-0.035,-0.652
79193.000,1.305,-0.274,-0.472
79194.000,1.341,-0.314,-0.430
79195.000,1.404,-0.374,-0.451
79196.000,1.512,-0.434,-0.514
79197.000,1.404,-0.474,-0.546
79198.000,1.485,-0.324,-0.514
79199.000,1.278,-0.175,-0.620
79200.000,1.188,0.005,-0.599
79201.000,1.296,0.005,-0.673
79202.000,1.180,0.254,-0.716
79203.000,1.305,0.234,-0.779
79204.000,1.404,0.194,-0.864
79205.000,1.539,0.065,-0.790
79206.000,1.548,-0.135,-0.832
79207.000,1.655,-0.254,-0.684
79208.000,1.673,-0.234,-0.673
79209.000,1.691,-0.294,-0.631
79210.000,1.646,-0.205,-0.663
79211.000,1.754,-0.225,-0.673
79212.000,1.736,-0.175,-0.737
79213.000,1.781,-0.195,-0.684
79214.000,1.575,0.443,-0.874
79215.000,1.718,0.085,-0.927
79216.000,1.718,0.045,-0.758
79217.000,1.682,0.015,-0.716
79218.000,1.754,-0.175,-0.631
79219.000,1.736,-0.244,-0.673
79220.000,1.754,-0.334,-0.874
79221.000,1.736,-0.314,-0.874
79222.000,1.727,-0.294,-0.843
79223.000,1.727,-0.284,-0.853
79224.000,1.718,-0.264,-0.843
79225.000,1.718,-0.254,-0.843
79226.000,1.709,-0.274,-0.832
79227.000,1.691,-0.244,-0.864
79228.000,1.691,-0.254,-0.800
79229.000,1.673,-0.354,-0.737
79230.000,1.736,-0.454,-0.758
79231.000,1.718,-0.484,-0.779
79232.000,1.691,-0.514,-0.769
79233.000,1.718,-0.464,-0.758
79234.000,1.718,-0.404,-0.769
79235.000,1.646,-0.354,-0.726
79236.000,1.709,-0.354,-0.737
79237.000,1.700,-0.334,-0.800
79238.000,1.790,-0.284,-0.843
79239.000,1.754,-0.185,-0.843
79240.000,1.736,-0.195,-0.874
79241.000,1.673,-0.165,-0.790
79242.000,1.646,-0.165,-0.758
79243.000,1.682,-0.234,-0.800
79244.000,1.745,-0.175,-0.832
79245.000,1.664,-0.175,-0.790
79246.000,1.655,-0.075,-0.853
79247.000,1.691,0.075,-0.758
79248.000,1.727,0.663,-0.747
79249.000,1.826,1.450,-0.885
79250.000,2.015,1.919,-0.642
79251.000,1.844,1.530,-0.313
79252.000,1.449,0.613,-0.102
79253.000,1.171,0.144,-0.207
79254.000,0.883,-0.175,-0.059
79255.000,0.713,-0.613,0.152
79256.000,0.677,-0.673,0.502
79257.000,0.793,-0.524,0.671
79258.000,0.892,0.045,0.650
79259.000,0.946,0.384,0.364
79260.000,0.838,0.643,0.025
79261.000,0.641,0.713,-0.260
79262.000,0.614,0.453,-0.207
79263.000,0.488,0.124,-0.155
79264.000,0.470,-0.105,0.004
79265.000,0.425,-0.254,0.195
79266.000,0.524,-0.284,0.121
79267.000,0.524,-0.264,0.047
79268.000,0.434,0.124,-0.133
79269.000,0.389,-0.055,-0.430
79270.000,0.524,-0.105,-0.462
79271.000,0.578,-0.115,-0.462
79272.000,0.560,-0.205,-0.557
79273.000,0.542,-0.234,-0.599
79274.000,0.578,-0.215,-0.599
79275.000,0.614,-0.085,-0.610
79276.000,0.578,0.025,-0.504
79277.000,0.677,0.104,-0.546
79278.000,0.695,0.114,-0.631
79279.000,0.713,0.144,-0.716
79280.000,0.641,0.354,-0.811
79281.000,0.659,0.722,-0.747
79282.000,0.425,1.231,-0.705
79283.000,0.273,1.430,-1.414
79284.000,0.353,1.640,-1.827
79285.000,0.704,2.128,-2.187
79286.000,0.587,2.028,-1.044
79287.000,0.757,1.620,-0.811
79288.000,1.135,1.351,0.375
79289.000,1.126,0.094,0.396
79290.000,0.892,-0.553,0.258
79291.000,1.925,-0.783,0.862
79292.000,2.922,-0.434,1.264
79293.000,1.781,0.194,0.364
79294.000,1.063,0.204,-0.514
79295.000,0.650,-0.344,-1.076
79296.000,0.739,-0.434,-0.271
79297.000,0.623,-0.424,0.047
